date,month,product,category,region,quantity,unit_price,total_sales
2025-01-01,January,Muffin,Bakery,Uptown,2,3.25,6.5
2025-01-01,January,Cold Brew,Beverage,Downtown,3,4.0,12.0
2025-01-01,January,Muffin,Bakery,Downtown,1,3.25,3.25
2025-01-01,January,Croissant,Bakery,Suburban,3,3.75,11.25
2025-01-01,January,Muffin,Bakery,Suburban,3,3.25,9.75
2025-01-01,January,Croissant,Bakery,Suburban,1,3.75,3.75
2025-01-01,January,Cold Brew,Beverage,Uptown,2,4.0,8.0
2025-01-01,January,Latte,Beverage,Suburban,3,4.5,13.5
2025-01-01,January,Croissant,Bakery,Suburban,2,3.75,7.5
2025-01-01,January,Croissant,Bakery,Uptown,2,3.75,7.5
2025-01-01,January,Latte,Beverage,Uptown,1,4.5,4.5
2025-01-01,January,Bagel,Bakery,Suburban,1,2.95,2.95
2025-01-01,January,Muffin,Bakery,Uptown,1,3.25,3.25
2025-01-01,January,Espresso,Beverage,Suburban,3,3.25,9.75
2025-01-01,January,Cold Brew,Beverage,Suburban,1,4.0,4.0
2025-01-01,January,Cold Brew,Beverage,Suburban,3,4.0,12.0
2025-01-02,January,Muffin,Bakery,Uptown,1,3.25,3.25
2025-01-02,January,Cold Brew,Beverage,Downtown,2,4.0,8.0
2025-01-02,January,Croissant,Bakery,Suburban,1,3.75,3.75
2025-01-02,January,Muffin,Bakery,Suburban,3,3.25,9.75
2025-01-02,January,Cold Brew,Beverage,Uptown,3,4.0,12.0
2025-01-02,January,Latte,Beverage,Uptown,3,4.5,13.5
2025-01-02,January,Espresso,Beverage,Suburban,2,3.25,6.5
2025-01-02,January,Latte,Beverage,Downtown,2,4.5,9.0
2025-01-02,January,Muffin,Bakery,Downtown,2,3.25,6.5
2025-01-02,January,Latte,Beverage,Suburban,2,4.5,9.0
2025-01-02,January,Bagel,Bakery,Downtown,2,2.95,5.9
2025-01-02,January,Muffin,Bakery,Suburban,2,3.25,6.5
2025-01-02,January,Espresso,Beverage,Suburban,1,3.25,3.25
2025-01-02,January,Muffin,Bakery,Suburban,2,3.25,6.5
2025-01-02,January,Bagel,Bakery,Suburban,2,2.95,5.9
2025-01-02,January,Latte,Beverage,Suburban,1,4.5,4.5
2025-01-02,January,Croissant,Bakery,Suburban,1,3.75,3.75
2025-01-02,January,Latte,Beverage,Downtown,3,4.5,13.5
2025-01-02,January,Muffin,Bakery,Suburban,3,3.25,9.75
2025-01-02,January,Croissant,Bakery,Suburban,2,3.75,7.5
2025-01-02,January,Latte,Beverage,Uptown,3,4.5,13.5
2025-01-02,January,Cold Brew,Beverage,Uptown,2,4.0,8.0
2025-01-02,January,Espresso,Beverage,Downtown,1,3.25,3.25
2025-01-02,January,Espresso,Beverage,Suburban,2,3.25,6.5
2025-01-02,January,Croissant,Bakery,Suburban,2,3.75,7.5
2025-01-02,January,Croissant,Bakery,Suburban,1,3.75,3.75
2025-01-03,January,Croissant,Bakery,Uptown,2,3.75,7.5
2025-01-03,January,Espresso,Beverage,Suburban,2,3.25,6.5
2025-01-03,January,Latte,Beverage,Downtown,2,4.5,9.0
2025-01-03,January,Cold Brew,Beverage,Suburban,2,4.0,8.0
2025-01-03,January,Latte,Beverage,Uptown,1,4.5,4.5
2025-01-03,January,Bagel,Bakery,Downtown,3,2.95,8.85
2025-01-03,January,Latte,Beverage,Downtown,3,4.5,13.5
2025-01-03,January,Bagel,Bakery,Suburban,1,2.95,2.95
2025-01-03,January,Latte,Beverage,Uptown,2,4.5,9.0
2025-01-03,January,Espresso,Beverage,Uptown,2,3.25,6.5
2025-01-03,January,Muffin,Bakery,Uptown,3,3.25,9.75
2025-01-03,January,Cold Brew,Beverage,Uptown,2,4.0,8.0
2025-01-03,January,Muffin,Bakery,Downtown,1,3.25,3.25
2025-01-03,January,Cold Brew,Beverage,Downtown,1,4.0,4.0
2025-01-03,January,Espresso,Beverage,Suburban,3,3.25,9.75
2025-01-03,January,Muffin,Bakery,Suburban,2,3.25,6.5
2025-01-03,January,Espresso,Beverage,Uptown,3,3.25,9.75
2025-01-03,January,Bagel,Bakery,Uptown,1,2.95,2.95
2025-01-03,January,Muffin,Bakery,Uptown,2,3.25,6.5
2025-01-03,January,Espresso,Beverage,Downtown,2,3.25,6.5
2025-01-03,January,Latte,Beverage,Uptown,3,4.5,13.5
2025-01-03,January,Croissant,Bakery,Suburban,2,3.75,7.5
2025-01-03,January,Espresso,Beverage,Downtown,2,3.25,6.5
2025-01-04,January,Bagel,Bakery,Suburban,2,2.95,5.9
2025-01-04,January,Cold Brew,Beverage,Uptown,3,4.0,12.0
2025-01-04,January,Latte,Beverage,Suburban,3,4.5,13.5
2025-01-04,January,Latte,Beverage,Downtown,3,4.5,13.5
2025-01-04,January,Muffin,Bakery,Uptown,3,3.25,9.75
2025-01-04,January,Muffin,Bakery,Downtown,1,3.25,3.25
2025-01-04,January,Espresso,Beverage,Suburban,2,3.25,6.5
2025-01-04,January,Espresso,Beverage,Suburban,2,3.25,6.5
2025-01-04,January,Latte,Beverage,Downtown,3,4.5,13.5
2025-01-04,January,Muffin,Bakery,Uptown,2,3.25,6.5
2025-01-04,January,Latte,Beverage,Suburban,2,4.5,9.0
2025-01-04,January,Espresso,Beverage,Uptown,3,3.25,9.75
2025-01-04,January,Muffin,Bakery,Uptown,2,3.25,6.5
2025-01-04,January,Latte,Beverage,Downtown,2,4.5,9.0
2025-01-04,January,Croissant,Bakery,Uptown,1,3.75,3.75
2025-01-04,January,Croissant,Bakery,Suburban,1,3.75,3.75
2025-01-04,January,Cold Brew,Beverage,Downtown,3,4.0,12.0
2025-01-04,January,Latte,Beverage,Downtown,2,4.5,9.0
2025-01-04,January,Latte,Beverage,Downtown,2,4.5,9.0
2025-01-04,January,Muffin,Bakery,Downtown,1,3.25,3.25
2025-01-05,January,Muffin,Bakery,Downtown,1,3.25,3.25
2025-01-05,January,Bagel,Bakery,Uptown,3,2.95,8.85
2025-01-05,January,Cold Brew,Beverage,Uptown,2,4.0,8.0
2025-01-05,January,Croissant,Bakery,Downtown,1,3.75,3.75
2025-01-05,January,Espresso,Beverage,Uptown,3,3.25,9.75
2025-01-05,January,Cold Brew,Beverage,Suburban,2,4.0,8.0
2025-01-05,January,Espresso,Beverage,Downtown,1,3.25,3.25
2025-01-05,January,Cold Brew,Beverage,Uptown,3,4.0,12.0
2025-01-05,January,Cold Brew,Beverage,Downtown,3,4.0,12.0
2025-01-05,January,Croissant,Bakery,Uptown,2,3.75,7.5
2025-01-05,January,Muffin,Bakery,Suburban,1,3.25,3.25
2025-01-05,January,Latte,Beverage,Uptown,2,4.5,9.0
2025-01-05,January,Bagel,Bakery,Downtown,2,2.95,5.9
2025-01-05,January,Espresso,Beverage,Suburban,2,3.25,6.5
2025-01-05,January,Espresso,Beverage,Uptown,3,3.25,9.75
2025-01-05,January,Espresso,Beverage,Uptown,1,3.25,3.25
2025-01-05,January,Latte,Beverage,Uptown,1,4.5,4.5
2025-01-05,January,Muffin,Bakery,Downtown,1,3.25,3.25
2025-01-05,January,Latte,Beverage,Suburban,2,4.5,9.0
2025-01-05,January,Muffin,Bakery,Suburban,3,3.25,9.75
2025-01-05,January,Latte,Beverage,Uptown,1,4.5,4.5
2025-01-05,January,Bagel,Bakery,Downtown,3,2.95,8.85
2025-01-05,January,Latte,Beverage,Downtown,1,4.5,4.5
2025-01-06,January,Croissant,Bakery,Downtown,2,3.75,7.5
2025-01-06,January,Muffin,Bakery,Suburban,2,3.25,6.5
2025-01-06,January,Bagel,Bakery,Downtown,1,2.95,2.95
2025-01-06,January,Bagel,Bakery,Downtown,2,2.95,5.9
2025-01-06,January,Croissant,Bakery,Suburban,2,3.75,7.5
2025-01-06,January,Latte,Beverage,Suburban,3,4.5,13.5
2025-01-06,January,Latte,Beverage,Uptown,1,4.5,4.5
2025-01-06,January,Espresso,Beverage,Uptown,1,3.25,3.25
2025-01-06,January,Bagel,Bakery,Downtown,3,2.95,8.85
2025-01-06,January,Bagel,Bakery,Suburban,1,2.95,2.95
2025-01-06,January,Bagel,Bakery,Downtown,3,2.95,8.85
2025-01-06,January,Bagel,Bakery,Uptown,1,2.95,2.95
2025-01-06,January,Cold Brew,Beverage,Downtown,1,4.0,4.0
2025-01-06,January,Muffin,Bakery,Uptown,2,3.25,6.5
2025-01-06,January,Cold Brew,Beverage,Suburban,2,4.0,8.0
2025-01-06,January,Espresso,Beverage,Suburban,3,3.25,9.75
2025-01-06,January,Cold Brew,Beverage,Downtown,1,4.0,4.0
2025-01-06,January,Bagel,Bakery,Downtown,3,2.95,8.85
2025-01-06,January,Espresso,Beverage,Downtown,1,3.25,3.25
2025-01-06,January,Muffin,Bakery,Downtown,3,3.25,9.75
2025-01-06,January,Muffin,Bakery,Uptown,1,3.25,3.25
2025-01-06,January,Croissant,Bakery,Suburban,3,3.75,11.25
2025-01-06,January,Espresso,Beverage,Downtown,1,3.25,3.25
2025-01-07,January,Bagel,Bakery,Downtown,3,2.95,8.85
2025-01-07,January,Bagel,Bakery,Uptown,2,2.95,5.9
2025-01-07,January,Cold Brew,Beverage,Suburban,1,4.0,4.0
2025-01-07,January,Espresso,Beverage,Downtown,1,3.25,3.25
2025-01-07,January,Latte,Beverage,Downtown,1,4.5,4.5
2025-01-07,January,Muffin,Bakery,Downtown,3,3.25,9.75
2025-01-07,January,Latte,Beverage,Suburban,2,4.5,9.0
2025-01-07,January,Muffin,Bakery,Uptown,3,3.25,9.75
2025-01-07,January,Cold Brew,Beverage,Suburban,1,4.0,4.0
2025-01-07,January,Muffin,Bakery,Suburban,1,3.25,3.25
2025-01-07,January,Espresso,Beverage,Suburban,3,3.25,9.75
2025-01-07,January,Espresso,Beverage,Downtown,2,3.25,6.5
2025-01-07,January,Croissant,Bakery,Downtown,3,3.75,11.25
2025-01-07,January,Cold Brew,Beverage,Downtown,3,4.0,12.0
2025-01-07,January,Espresso,Beverage,Uptown,2,3.25,6.5
2025-01-07,January,Croissant,Bakery,Suburban,1,3.75,3.75
2025-01-07,January,Croissant,Bakery,Suburban,1,3.75,3.75
2025-01-07,January,Bagel,Bakery,Downtown,2,2.95,5.9
2025-01-07,January,Croissant,Bakery,Downtown,2,3.75,7.5
2025-01-08,January,Bagel,Bakery,Suburban,1,2.95,2.95
2025-01-08,January,Espresso,Beverage,Uptown,3,3.25,9.75
2025-01-08,January,Espresso,Beverage,Downtown,3,3.25,9.75
2025-01-08,January,Croissant,Bakery,Suburban,1,3.75,3.75
2025-01-08,January,Muffin,Bakery,Uptown,3,3.25,9.75
2025-01-08,January,Cold Brew,Beverage,Suburban,2,4.0,8.0
2025-01-08,January,Bagel,Bakery,Uptown,1,2.95,2.95
2025-01-08,January,Espresso,Beverage,Suburban,1,3.25,3.25
2025-01-08,January,Latte,Beverage,Uptown,3,4.5,13.5
2025-01-08,January,Latte,Beverage,Uptown,2,4.5,9.0
2025-01-08,January,Muffin,Bakery,Suburban,2,3.25,6.5
2025-01-08,January,Bagel,Bakery,Uptown,3,2.95,8.85
2025-01-08,January,Latte,Beverage,Downtown,2,4.5,9.0
2025-01-08,January,Cold Brew,Beverage,Uptown,3,4.0,12.0
2025-01-08,January,Espresso,Beverage,Suburban,2,3.25,6.5
2025-01-08,January,Bagel,Bakery,Uptown,1,2.95,2.95
2025-01-08,January,Croissant,Bakery,Downtown,1,3.75,3.75
2025-01-08,January,Latte,Beverage,Suburban,3,4.5,13.5
2025-01-08,January,Bagel,Bakery,Suburban,3,2.95,8.85
2025-01-08,January,Espresso,Beverage,Downtown,3,3.25,9.75
2025-01-08,January,Cold Brew,Beverage,Uptown,2,4.0,8.0
2025-01-08,January,Espresso,Beverage,Suburban,1,3.25,3.25
2025-01-08,January,Latte,Beverage,Suburban,1,4.5,4.5
2025-01-08,January,Espresso,Beverage,Suburban,3,3.25,9.75
2025-01-09,January,Espresso,Beverage,Downtown,1,3.25,3.25
2025-01-09,January,Croissant,Bakery,Uptown,1,3.75,3.75
2025-01-09,January,Espresso,Beverage,Downtown,2,3.25,6.5
2025-01-09,January,Muffin,Bakery,Downtown,1,3.25,3.25
2025-01-09,January,Latte,Beverage,Downtown,3,4.5,13.5
2025-01-09,January,Cold Brew,Beverage,Uptown,2,4.0,8.0
2025-01-09,January,Muffin,Bakery,Uptown,3,3.25,9.75
2025-01-09,January,Muffin,Bakery,Suburban,1,3.25,3.25
2025-01-09,January,Croissant,Bakery,Suburban,3,3.75,11.25
2025-01-09,January,Muffin,Bakery,Uptown,3,3.25,9.75
2025-01-09,January,Espresso,Beverage,Downtown,2,3.25,6.5
2025-01-09,January,Bagel,Bakery,Downtown,1,2.95,2.95
2025-01-09,January,Latte,Beverage,Uptown,2,4.5,9.0
2025-01-09,January,Bagel,Bakery,Downtown,2,2.95,5.9
2025-01-09,January,Espresso,Beverage,Uptown,1,3.25,3.25
2025-01-09,January,Bagel,Bakery,Suburban,2,2.95,5.9
2025-01-09,January,Espresso,Beverage,Suburban,1,3.25,3.25
2025-01-09,January,Espresso,Beverage,Uptown,1,3.25,3.25
2025-01-09,January,Bagel,Bakery,Downtown,3,2.95,8.85
2025-01-09,January,Bagel,Bakery,Suburban,3,2.95,8.85
2025-01-09,January,Bagel,Bakery,Suburban,1,2.95,2.95
2025-01-09,January,Latte,Beverage,Uptown,3,4.5,13.5
2025-01-09,January,Muffin,Bakery,Uptown,2,3.25,6.5
2025-01-10,January,Muffin,Bakery,Downtown,3,3.25,9.75
2025-01-10,January,Muffin,Bakery,Downtown,2,3.25,6.5
2025-01-10,January,Croissant,Bakery,Suburban,3,3.75,11.25
2025-01-10,January,Bagel,Bakery,Suburban,2,2.95,5.9
2025-01-10,January,Cold Brew,Beverage,Uptown,3,4.0,12.0
2025-01-10,January,Latte,Beverage,Downtown,1,4.5,4.5
2025-01-10,January,Espresso,Beverage,Uptown,2,3.25,6.5
2025-01-10,January,Espresso,Beverage,Uptown,2,3.25,6.5
2025-01-10,January,Latte,Beverage,Uptown,2,4.5,9.0
2025-01-10,January,Croissant,Bakery,Suburban,2,3.75,7.5
2025-01-10,January,Latte,Beverage,Uptown,2,4.5,9.0
2025-01-10,January,Latte,Beverage,Downtown,3,4.5,13.5
2025-01-10,January,Latte,Beverage,Suburban,3,4.5,13.5
2025-01-10,January,Muffin,Bakery,Suburban,3,3.25,9.75
2025-01-10,January,Cold Brew,Beverage,Downtown,3,4.0,12.0
2025-01-10,January,Cold Brew,Beverage,Suburban,2,4.0,8.0
2025-01-10,January,Bagel,Bakery,Uptown,2,2.95,5.9
2025-01-10,January,Latte,Beverage,Uptown,3,4.5,13.5
2025-01-10,January,Croissant,Bakery,Uptown,3,3.75,11.25
2025-01-10,January,Espresso,Beverage,Downtown,1,3.25,3.25
2025-01-10,January,Muffin,Bakery,Downtown,1,3.25,3.25
2025-01-10,January,Croissant,Bakery,Uptown,3,3.75,11.25
2025-01-10,January,Bagel,Bakery,Downtown,3,2.95,8.85
2025-01-10,January,Bagel,Bakery,Uptown,2,2.95,5.9
2025-01-11,January,Croissant,Bakery,Uptown,3,3.75,11.25
2025-01-11,January,Espresso,Beverage,Suburban,2,3.25,6.5
2025-01-11,January,Muffin,Bakery,Suburban,1,3.25,3.25
2025-01-11,January,Bagel,Bakery,Suburban,1,2.95,2.95
2025-01-11,January,Cold Brew,Beverage,Uptown,2,4.0,8.0
2025-01-11,January,Muffin,Bakery,Suburban,3,3.25,9.75
2025-01-11,January,Bagel,Bakery,Downtown,3,2.95,8.85
2025-01-11,January,Latte,Beverage,Uptown,3,4.5,13.5
2025-01-11,January,Espresso,Beverage,Uptown,1,3.25,3.25
2025-01-11,January,Croissant,Bakery,Downtown,1,3.75,3.75
2025-01-11,January,Espresso,Beverage,Downtown,2,3.25,6.5
2025-01-11,January,Croissant,Bakery,Uptown,2,3.75,7.5
2025-01-11,January,Muffin,Bakery,Suburban,2,3.25,6.5
2025-01-11,January,Muffin,Bakery,Suburban,3,3.25,9.75
2025-01-11,January,Croissant,Bakery,Downtown,2,3.75,7.5
2025-01-11,January,Croissant,Bakery,Suburban,1,3.75,3.75
2025-01-12,January,Espresso,Beverage,Downtown,3,3.25,9.75
2025-01-12,January,Muffin,Bakery,Uptown,1,3.25,3.25
2025-01-12,January,Croissant,Bakery,Uptown,3,3.75,11.25
2025-01-12,January,Bagel,Bakery,Downtown,3,2.95,8.85
2025-01-12,January,Muffin,Bakery,Uptown,3,3.25,9.75
2025-01-12,January,Muffin,Bakery,Suburban,3,3.25,9.75
2025-01-12,January,Muffin,Bakery,Downtown,2,3.25,6.5
2025-01-12,January,Muffin,Bakery,Uptown,2,3.25,6.5
2025-01-12,January,Latte,Beverage,Downtown,1,4.5,4.5
2025-01-12,January,Bagel,Bakery,Downtown,1,2.95,2.95
2025-01-12,January,Bagel,Bakery,Uptown,2,2.95,5.9
2025-01-12,January,Muffin,Bakery,Downtown,2,3.25,6.5
2025-01-12,January,Muffin,Bakery,Uptown,1,3.25,3.25
2025-01-12,January,Bagel,Bakery,Uptown,3,2.95,8.85
2025-01-12,January,Muffin,Bakery,Uptown,2,3.25,6.5
2025-01-12,January,Espresso,Beverage,Uptown,2,3.25,6.5
2025-01-12,January,Bagel,Bakery,Suburban,1,2.95,2.95
2025-01-12,January,Bagel,Bakery,Uptown,3,2.95,8.85
2025-01-12,January,Espresso,Beverage,Suburban,1,3.25,3.25
2025-01-12,January,Bagel,Bakery,Downtown,2,2.95,5.9
2025-01-12,January,Espresso,Beverage,Uptown,2,3.25,6.5
2025-01-12,January,Espresso,Beverage,Uptown,3,3.25,9.75
2025-01-12,January,Espresso,Beverage,Uptown,1,3.25,3.25
2025-01-12,January,Muffin,Bakery,Uptown,3,3.25,9.75
2025-01-12,January,Latte,Beverage,Uptown,3,4.5,13.5
2025-01-12,January,Latte,Beverage,Downtown,2,4.5,9.0
2025-01-12,January,Latte,Beverage,Suburban,2,4.5,9.0
2025-01-13,January,Muffin,Bakery,Downtown,2,3.25,6.5
2025-01-13,January,Cold Brew,Beverage,Downtown,3,4.0,12.0
2025-01-13,January,Bagel,Bakery,Downtown,3,2.95,8.85
2025-01-13,January,Muffin,Bakery,Downtown,3,3.25,9.75
2025-01-13,January,Espresso,Beverage,Suburban,2,3.25,6.5
2025-01-13,January,Espresso,Beverage,Downtown,2,3.25,6.5
2025-01-13,January,Croissant,Bakery,Downtown,2,3.75,7.5
2025-01-13,January,Muffin,Bakery,Suburban,3,3.25,9.75
2025-01-13,January,Espresso,Beverage,Downtown,1,3.25,3.25
2025-01-13,January,Cold Brew,Beverage,Suburban,1,4.0,4.0
2025-01-13,January,Muffin,Bakery,Downtown,3,3.25,9.75
2025-01-13,January,Espresso,Beverage,Downtown,3,3.25,9.75
2025-01-13,January,Croissant,Bakery,Downtown,3,3.75,11.25
2025-01-13,January,Espresso,Beverage,Downtown,1,3.25,3.25
2025-01-13,January,Espresso,Beverage,Uptown,3,3.25,9.75
2025-01-13,January,Bagel,Bakery,Suburban,3,2.95,8.85
2025-01-13,January,Latte,Beverage,Suburban,1,4.5,4.5
2025-01-13,January,Latte,Beverage,Suburban,1,4.5,4.5
2025-01-13,January,Muffin,Bakery,Suburban,3,3.25,9.75
2025-01-13,January,Espresso,Beverage,Suburban,3,3.25,9.75
2025-01-13,January,Muffin,Bakery,Suburban,3,3.25,9.75
2025-01-13,January,Cold Brew,Beverage,Uptown,1,4.0,4.0
2025-01-13,January,Latte,Beverage,Downtown,1,4.5,4.5
2025-01-13,January,Muffin,Bakery,Uptown,2,3.25,6.5
2025-01-13,January,Muffin,Bakery,Uptown,2,3.25,6.5
2025-01-13,January,Espresso,Beverage,Uptown,3,3.25,9.75
2025-01-14,January,Muffin,Bakery,Downtown,3,3.25,9.75
2025-01-14,January,Latte,Beverage,Downtown,1,4.5,4.5
2025-01-14,January,Espresso,Beverage,Uptown,3,3.25,9.75
2025-01-14,January,Bagel,Bakery,Uptown,3,2.95,8.85
2025-01-14,January,Croissant,Bakery,Downtown,1,3.75,3.75
2025-01-14,January,Croissant,Bakery,Downtown,1,3.75,3.75
2025-01-14,January,Latte,Beverage,Uptown,3,4.5,13.5
2025-01-14,January,Muffin,Bakery,Downtown,2,3.25,6.5
2025-01-14,January,Cold Brew,Beverage,Suburban,1,4.0,4.0
2025-01-14,January,Latte,Beverage,Suburban,2,4.5,9.0
2025-01-14,January,Croissant,Bakery,Uptown,2,3.75,7.5
2025-01-14,January,Muffin,Bakery,Uptown,1,3.25,3.25
2025-01-14,January,Bagel,Bakery,Uptown,2,2.95,5.9
2025-01-14,January,Espresso,Beverage,Suburban,1,3.25,3.25
2025-01-14,January,Croissant,Bakery,Uptown,1,3.75,3.75
2025-01-14,January,Croissant,Bakery,Suburban,2,3.75,7.5
2025-01-14,January,Latte,Beverage,Uptown,2,4.5,9.0
2025-01-15,January,Espresso,Beverage,Uptown,1,3.25,3.25
2025-01-15,January,Croissant,Bakery,Uptown,3,3.75,11.25
2025-01-15,January,Bagel,Bakery,Downtown,2,2.95,5.9
2025-01-15,January,Espresso,Beverage,Downtown,3,3.25,9.75
2025-01-15,January,Bagel,Bakery,Downtown,1,2.95,2.95
2025-01-15,January,Latte,Beverage,Uptown,2,4.5,9.0
2025-01-15,January,Muffin,Bakery,Uptown,2,3.25,6.5
2025-01-15,January,Croissant,Bakery,Uptown,3,3.75,11.25
2025-01-15,January,Espresso,Beverage,Suburban,2,3.25,6.5
2025-01-15,January,Latte,Beverage,Uptown,3,4.5,13.5
2025-01-15,January,Croissant,Bakery,Suburban,1,3.75,3.75
2025-01-15,January,Espresso,Beverage,Uptown,1,3.25,3.25
2025-01-15,January,Cold Brew,Beverage,Downtown,2,4.0,8.0
2025-01-15,January,Latte,Beverage,Uptown,1,4.5,4.5
2025-01-15,January,Cold Brew,Beverage,Uptown,2,4.0,8.0
2025-01-15,January,Muffin,Bakery,Uptown,2,3.25,6.5
2025-01-15,January,Croissant,Bakery,Uptown,2,3.75,7.5
2025-01-15,January,Latte,Beverage,Suburban,1,4.5,4.5
2025-01-15,January,Cold Brew,Beverage,Downtown,2,4.0,8.0
2025-01-15,January,Cold Brew,Beverage,Uptown,2,4.0,8.0
2025-01-15,January,Croissant,Bakery,Suburban,2,3.75,7.5
2025-01-15,January,Croissant,Bakery,Suburban,3,3.75,11.25
2025-01-15,January,Croissant,Bakery,Downtown,3,3.75,11.25
2025-01-15,January,Bagel,Bakery,Uptown,3,2.95,8.85
2025-01-15,January,Muffin,Bakery,Downtown,2,3.25,6.5
2025-01-15,January,Muffin,Bakery,Downtown,1,3.25,3.25
2025-01-15,January,Croissant,Bakery,Uptown,3,3.75,11.25
2025-01-15,January,Cold Brew,Beverage,Downtown,1,4.0,4.0
2025-01-15,January,Espresso,Beverage,Suburban,1,3.25,3.25
2025-01-16,January,Muffin,Bakery,Downtown,1,3.25,3.25
2025-01-16,January,Latte,Beverage,Uptown,2,4.5,9.0
2025-01-16,January,Cold Brew,Beverage,Suburban,1,4.0,4.0
2025-01-16,January,Latte,Beverage,Suburban,1,4.5,4.5
2025-01-16,January,Bagel,Bakery,Uptown,1,2.95,2.95
2025-01-16,January,Muffin,Bakery,Suburban,3,3.25,9.75
2025-01-16,January,Cold Brew,Beverage,Suburban,2,4.0,8.0
2025-01-16,January,Espresso,Beverage,Uptown,1,3.25,3.25
2025-01-16,January,Muffin,Bakery,Uptown,1,3.25,3.25
2025-01-16,January,Cold Brew,Beverage,Suburban,2,4.0,8.0
2025-01-16,January,Espresso,Beverage,Uptown,3,3.25,9.75
2025-01-16,January,Muffin,Bakery,Downtown,2,3.25,6.5
2025-01-16,January,Muffin,Bakery,Downtown,3,3.25,9.75
2025-01-16,January,Muffin,Bakery,Uptown,3,3.25,9.75
2025-01-16,January,Bagel,Bakery,Uptown,2,2.95,5.9
2025-01-16,January,Espresso,Beverage,Downtown,3,3.25,9.75
2025-01-16,January,Muffin,Bakery,Uptown,2,3.25,6.5
2025-01-16,January,Espresso,Beverage,Downtown,3,3.25,9.75
2025-01-16,January,Cold Brew,Beverage,Suburban,3,4.0,12.0
2025-01-16,January,Bagel,Bakery,Uptown,3,2.95,8.85
2025-01-16,January,Latte,Beverage,Suburban,3,4.5,13.5
2025-01-16,January,Bagel,Bakery,Downtown,2,2.95,5.9
2025-01-16,January,Croissant,Bakery,Suburban,2,3.75,7.5
2025-01-16,January,Cold Brew,Beverage,Downtown,1,4.0,4.0
2025-01-16,January,Bagel,Bakery,Downtown,3,2.95,8.85
2025-01-16,January,Cold Brew,Beverage,Uptown,2,4.0,8.0
2025-01-16,January,Bagel,Bakery,Downtown,1,2.95,2.95
2025-01-17,January,Latte,Beverage,Suburban,3,4.5,13.5
2025-01-17,January,Espresso,Beverage,Downtown,2,3.25,6.5
2025-01-17,January,Latte,Beverage,Downtown,1,4.5,4.5
2025-01-17,January,Cold Brew,Beverage,Uptown,3,4.0,12.0
2025-01-17,January,Muffin,Bakery,Downtown,2,3.25,6.5
2025-01-17,January,Espresso,Beverage,Downtown,1,3.25,3.25
2025-01-17,January,Bagel,Bakery,Suburban,3,2.95,8.85
2025-01-17,January,Croissant,Bakery,Uptown,2,3.75,7.5
2025-01-17,January,Cold Brew,Beverage,Suburban,3,4.0,12.0
2025-01-17,January,Muffin,Bakery,Downtown,2,3.25,6.5
2025-01-17,January,Muffin,Bakery,Suburban,2,3.25,6.5
2025-01-17,January,Croissant,Bakery,Uptown,3,3.75,11.25
2025-01-17,January,Bagel,Bakery,Downtown,3,2.95,8.85
2025-01-17,January,Cold Brew,Beverage,Suburban,2,4.0,8.0
2025-01-17,January,Muffin,Bakery,Uptown,3,3.25,9.75
2025-01-17,January,Croissant,Bakery,Suburban,2,3.75,7.5
2025-01-17,January,Latte,Beverage,Downtown,2,4.5,9.0
2025-01-18,January,Cold Brew,Beverage,Uptown,2,4.0,8.0
2025-01-18,January,Cold Brew,Beverage,Uptown,3,4.0,12.0
2025-01-18,January,Croissant,Bakery,Downtown,1,3.75,3.75
2025-01-18,January,Cold Brew,Beverage,Suburban,3,4.0,12.0
2025-01-18,January,Croissant,Bakery,Uptown,2,3.75,7.5
2025-01-18,January,Latte,Beverage,Uptown,1,4.5,4.5
2025-01-18,January,Latte,Beverage,Downtown,1,4.5,4.5
2025-01-18,January,Espresso,Beverage,Suburban,2,3.25,6.5
2025-01-18,January,Muffin,Bakery,Uptown,2,3.25,6.5
2025-01-18,January,Latte,Beverage,Uptown,1,4.5,4.5
2025-01-18,January,Croissant,Bakery,Uptown,1,3.75,3.75
2025-01-18,January,Latte,Beverage,Suburban,1,4.5,4.5
2025-01-18,January,Croissant,Bakery,Suburban,2,3.75,7.5
2025-01-18,January,Bagel,Bakery,Uptown,3,2.95,8.85
2025-01-18,January,Bagel,Bakery,Suburban,2,2.95,5.9
2025-01-18,January,Muffin,Bakery,Suburban,2,3.25,6.5
2025-01-18,January,Croissant,Bakery,Downtown,3,3.75,11.25
2025-01-18,January,Bagel,Bakery,Suburban,2,2.95,5.9
2025-01-18,January,Cold Brew,Beverage,Downtown,3,4.0,12.0
2025-01-18,January,Espresso,Beverage,Suburban,2,3.25,6.5
2025-01-18,January,Muffin,Bakery,Uptown,2,3.25,6.5
2025-01-18,January,Croissant,Bakery,Uptown,3,3.75,11.25
2025-01-18,January,Cold Brew,Beverage,Downtown,3,4.0,12.0
2025-01-18,January,Bagel,Bakery,Downtown,1,2.95,2.95
2025-01-18,January,Muffin,Bakery,Suburban,3,3.25,9.75
2025-01-18,January,Muffin,Bakery,Uptown,2,3.25,6.5
2025-01-18,January,Espresso,Beverage,Downtown,1,3.25,3.25
2025-01-19,January,Croissant,Bakery,Suburban,3,3.75,11.25
2025-01-19,January,Cold Brew,Beverage,Suburban,3,4.0,12.0
2025-01-19,January,Bagel,Bakery,Downtown,2,2.95,5.9
2025-01-19,January,Bagel,Bakery,Uptown,1,2.95,2.95
2025-01-19,January,Espresso,Beverage,Uptown,3,3.25,9.75
2025-01-19,January,Espresso,Beverage,Uptown,1,3.25,3.25
2025-01-19,January,Croissant,Bakery,Downtown,3,3.75,11.25
2025-01-19,January,Bagel,Bakery,Suburban,2,2.95,5.9
2025-01-19,January,Latte,Beverage,Downtown,1,4.5,4.5
2025-01-19,January,Cold Brew,Beverage,Downtown,3,4.0,12.0
2025-01-19,January,Cold Brew,Beverage,Suburban,1,4.0,4.0
2025-01-19,January,Muffin,Bakery,Suburban,3,3.25,9.75
2025-01-19,January,Croissant,Bakery,Downtown,3,3.75,11.25
2025-01-19,January,Bagel,Bakery,Suburban,3,2.95,8.85
2025-01-19,January,Cold Brew,Beverage,Uptown,3,4.0,12.0
2025-01-20,January,Bagel,Bakery,Downtown,1,2.95,2.95
2025-01-20,January,Croissant,Bakery,Suburban,1,3.75,3.75
2025-01-20,January,Cold Brew,Beverage,Suburban,1,4.0,4.0
2025-01-20,January,Croissant,Bakery,Suburban,1,3.75,3.75
2025-01-20,January,Croissant,Bakery,Suburban,1,3.75,3.75
2025-01-20,January,Cold Brew,Beverage,Suburban,3,4.0,12.0
2025-01-20,January,Croissant,Bakery,Downtown,3,3.75,11.25
2025-01-20,January,Latte,Beverage,Suburban,2,4.5,9.0
2025-01-20,January,Croissant,Bakery,Suburban,2,3.75,7.5
2025-01-20,January,Bagel,Bakery,Downtown,3,2.95,8.85
2025-01-20,January,Muffin,Bakery,Uptown,2,3.25,6.5
2025-01-20,January,Cold Brew,Beverage,Downtown,1,4.0,4.0
2025-01-20,January,Croissant,Bakery,Suburban,3,3.75,11.25
2025-01-20,January,Latte,Beverage,Downtown,3,4.5,13.5
2025-01-20,January,Muffin,Bakery,Uptown,2,3.25,6.5
2025-01-21,January,Cold Brew,Beverage,Uptown,3,4.0,12.0
2025-01-21,January,Bagel,Bakery,Downtown,2,2.95,5.9
2025-01-21,January,Muffin,Bakery,Uptown,2,3.25,6.5
2025-01-21,January,Espresso,Beverage,Uptown,1,3.25,3.25
2025-01-21,January,Latte,Beverage,Suburban,3,4.5,13.5
2025-01-21,January,Muffin,Bakery,Uptown,3,3.25,9.75
2025-01-21,January,Espresso,Beverage,Uptown,2,3.25,6.5
2025-01-21,January,Bagel,Bakery,Uptown,1,2.95,2.95
2025-01-21,January,Cold Brew,Beverage,Downtown,1,4.0,4.0
2025-01-21,January,Cold Brew,Beverage,Downtown,1,4.0,4.0
2025-01-21,January,Cold Brew,Beverage,Uptown,1,4.0,4.0
2025-01-21,January,Espresso,Beverage,Uptown,1,3.25,3.25
2025-01-21,January,Bagel,Bakery,Suburban,2,2.95,5.9
2025-01-21,January,Cold Brew,Beverage,Uptown,2,4.0,8.0
2025-01-21,January,Bagel,Bakery,Suburban,3,2.95,8.85
2025-01-21,January,Muffin,Bakery,Uptown,2,3.25,6.5
2025-01-21,January,Bagel,Bakery,Uptown,1,2.95,2.95
2025-01-21,January,Bagel,Bakery,Downtown,2,2.95,5.9
2025-01-21,January,Croissant,Bakery,Suburban,1,3.75,3.75
2025-01-21,January,Bagel,Bakery,Uptown,1,2.95,2.95
2025-01-21,January,Bagel,Bakery,Downtown,3,2.95,8.85
2025-01-21,January,Croissant,Bakery,Uptown,2,3.75,7.5
2025-01-21,January,Espresso,Beverage,Suburban,1,3.25,3.25
2025-01-21,January,Latte,Beverage,Downtown,1,4.5,4.5
2025-01-21,January,Latte,Beverage,Uptown,1,4.5,4.5
2025-01-22,January,Espresso,Beverage,Downtown,1,3.25,3.25
2025-01-22,January,Croissant,Bakery,Suburban,1,3.75,3.75
2025-01-22,January,Croissant,Bakery,Uptown,3,3.75,11.25
2025-01-22,January,Cold Brew,Beverage,Uptown,3,4.0,12.0
2025-01-22,January,Bagel,Bakery,Uptown,3,2.95,8.85
2025-01-22,January,Muffin,Bakery,Suburban,1,3.25,3.25
2025-01-22,January,Muffin,Bakery,Downtown,3,3.25,9.75
2025-01-22,January,Muffin,Bakery,Downtown,2,3.25,6.5
2025-01-22,January,Latte,Beverage,Downtown,2,4.5,9.0
2025-01-22,January,Espresso,Beverage,Uptown,2,3.25,6.5
2025-01-22,January,Latte,Beverage,Suburban,3,4.5,13.5
2025-01-22,January,Croissant,Bakery,Uptown,3,3.75,11.25
2025-01-22,January,Espresso,Beverage,Suburban,1,3.25,3.25
2025-01-22,January,Bagel,Bakery,Downtown,3,2.95,8.85
2025-01-22,January,Latte,Beverage,Downtown,1,4.5,4.5
2025-01-22,January,Latte,Beverage,Downtown,2,4.5,9.0
2025-01-22,January,Bagel,Bakery,Downtown,2,2.95,5.9
2025-01-22,January,Croissant,Bakery,Downtown,3,3.75,11.25
2025-01-22,January,Espresso,Beverage,Suburban,1,3.25,3.25
2025-01-22,January,Espresso,Beverage,Uptown,2,3.25,6.5
2025-01-22,January,Muffin,Bakery,Suburban,1,3.25,3.25
2025-01-22,January,Muffin,Bakery,Downtown,2,3.25,6.5
2025-01-22,January,Bagel,Bakery,Uptown,1,2.95,2.95
2025-01-22,January,Cold Brew,Beverage,Uptown,1,4.0,4.0
2025-01-22,January,Espresso,Beverage,Downtown,1,3.25,3.25
2025-01-22,January,Espresso,Beverage,Suburban,2,3.25,6.5
2025-01-22,January,Espresso,Beverage,Downtown,1,3.25,3.25
2025-01-22,January,Croissant,Bakery,Uptown,1,3.75,3.75
2025-01-23,January,Latte,Beverage,Uptown,2,4.5,9.0
2025-01-23,January,Croissant,Bakery,Uptown,3,3.75,11.25
2025-01-23,January,Bagel,Bakery,Downtown,2,2.95,5.9
2025-01-23,January,Latte,Beverage,Uptown,1,4.5,4.5
2025-01-23,January,Latte,Beverage,Uptown,3,4.5,13.5
2025-01-23,January,Bagel,Bakery,Uptown,3,2.95,8.85
2025-01-23,January,Latte,Beverage,Downtown,3,4.5,13.5
2025-01-23,January,Latte,Beverage,Uptown,3,4.5,13.5
2025-01-23,January,Espresso,Beverage,Uptown,2,3.25,6.5
2025-01-23,January,Bagel,Bakery,Downtown,3,2.95,8.85
2025-01-23,January,Espresso,Beverage,Downtown,2,3.25,6.5
2025-01-23,January,Latte,Beverage,Downtown,1,4.5,4.5
2025-01-23,January,Bagel,Bakery,Downtown,1,2.95,2.95
2025-01-23,January,Bagel,Bakery,Suburban,1,2.95,2.95
2025-01-23,January,Espresso,Beverage,Downtown,1,3.25,3.25
2025-01-24,January,Croissant,Bakery,Downtown,2,3.75,7.5
2025-01-24,January,Espresso,Beverage,Downtown,2,3.25,6.5
2025-01-24,January,Croissant,Bakery,Suburban,3,3.75,11.25
2025-01-24,January,Cold Brew,Beverage,Downtown,1,4.0,4.0
2025-01-24,January,Bagel,Bakery,Uptown,2,2.95,5.9
2025-01-24,January,Cold Brew,Beverage,Suburban,1,4.0,4.0
2025-01-24,January,Muffin,Bakery,Suburban,3,3.25,9.75
2025-01-24,January,Latte,Beverage,Downtown,1,4.5,4.5
2025-01-24,January,Bagel,Bakery,Uptown,2,2.95,5.9
2025-01-24,January,Bagel,Bakery,Suburban,2,2.95,5.9
2025-01-24,January,Bagel,Bakery,Uptown,1,2.95,2.95
2025-01-24,January,Muffin,Bakery,Downtown,3,3.25,9.75
2025-01-24,January,Latte,Beverage,Suburban,2,4.5,9.0
2025-01-24,January,Espresso,Beverage,Downtown,2,3.25,6.5
2025-01-24,January,Latte,Beverage,Uptown,2,4.5,9.0
2025-01-24,January,Croissant,Bakery,Suburban,1,3.75,3.75
2025-01-24,January,Espresso,Beverage,Downtown,3,3.25,9.75
2025-01-24,January,Muffin,Bakery,Uptown,2,3.25,6.5
2025-01-24,January,Espresso,Beverage,Downtown,3,3.25,9.75
2025-01-24,January,Croissant,Bakery,Suburban,3,3.75,11.25
2025-01-24,January,Muffin,Bakery,Suburban,1,3.25,3.25
2025-01-24,January,Muffin,Bakery,Downtown,1,3.25,3.25
2025-01-24,January,Bagel,Bakery,Uptown,1,2.95,2.95
2025-01-24,January,Latte,Beverage,Suburban,1,4.5,4.5
2025-01-24,January,Espresso,Beverage,Suburban,3,3.25,9.75
2025-01-25,January,Latte,Beverage,Uptown,3,4.5,13.5
2025-01-25,January,Espresso,Beverage,Downtown,3,3.25,9.75
2025-01-25,January,Espresso,Beverage,Downtown,3,3.25,9.75
2025-01-25,January,Croissant,Bakery,Uptown,3,3.75,11.25
2025-01-25,January,Croissant,Bakery,Downtown,2,3.75,7.5
2025-01-25,January,Croissant,Bakery,Downtown,3,3.75,11.25
2025-01-25,January,Bagel,Bakery,Uptown,2,2.95,5.9
2025-01-25,January,Espresso,Beverage,Downtown,2,3.25,6.5
2025-01-25,January,Latte,Beverage,Downtown,3,4.5,13.5
2025-01-25,January,Cold Brew,Beverage,Downtown,2,4.0,8.0
2025-01-25,January,Latte,Beverage,Uptown,2,4.5,9.0
2025-01-25,January,Bagel,Bakery,Downtown,3,2.95,8.85
2025-01-25,January,Espresso,Beverage,Uptown,1,3.25,3.25
2025-01-25,January,Espresso,Beverage,Suburban,1,3.25,3.25
2025-01-25,January,Bagel,Bakery,Downtown,3,2.95,8.85
2025-01-26,January,Croissant,Bakery,Uptown,1,3.75,3.75
2025-01-26,January,Croissant,Bakery,Suburban,2,3.75,7.5
2025-01-26,January,Muffin,Bakery,Suburban,2,3.25,6.5
2025-01-26,January,Muffin,Bakery,Downtown,2,3.25,6.5
2025-01-26,January,Muffin,Bakery,Suburban,3,3.25,9.75
2025-01-26,January,Espresso,Beverage,Suburban,2,3.25,6.5
2025-01-26,January,Croissant,Bakery,Downtown,3,3.75,11.25
2025-01-26,January,Espresso,Beverage,Uptown,3,3.25,9.75
2025-01-26,January,Croissant,Bakery,Uptown,2,3.75,7.5
2025-01-26,January,Bagel,Bakery,Suburban,1,2.95,2.95
2025-01-26,January,Bagel,Bakery,Uptown,2,2.95,5.9
2025-01-26,January,Espresso,Beverage,Uptown,3,3.25,9.75
2025-01-26,January,Espresso,Beverage,Suburban,2,3.25,6.5
2025-01-26,January,Latte,Beverage,Suburban,1,4.5,4.5
2025-01-26,January,Latte,Beverage,Suburban,3,4.5,13.5
2025-01-26,January,Bagel,Bakery,Downtown,3,2.95,8.85
2025-01-26,January,Latte,Beverage,Uptown,2,4.5,9.0
2025-01-26,January,Bagel,Bakery,Uptown,3,2.95,8.85
2025-01-26,January,Bagel,Bakery,Uptown,2,2.95,5.9
2025-01-26,January,Cold Brew,Beverage,Downtown,2,4.0,8.0
2025-01-26,January,Muffin,Bakery,Suburban,2,3.25,6.5
2025-01-26,January,Croissant,Bakery,Suburban,3,3.75,11.25
2025-01-26,January,Croissant,Bakery,Downtown,2,3.75,7.5
2025-01-26,January,Muffin,Bakery,Suburban,3,3.25,9.75
2025-01-27,January,Bagel,Bakery,Uptown,3,2.95,8.85
2025-01-27,January,Espresso,Beverage,Downtown,1,3.25,3.25
2025-01-27,January,Cold Brew,Beverage,Uptown,3,4.0,12.0
2025-01-27,January,Espresso,Beverage,Suburban,1,3.25,3.25
2025-01-27,January,Bagel,Bakery,Suburban,2,2.95,5.9
2025-01-27,January,Muffin,Bakery,Suburban,3,3.25,9.75
2025-01-27,January,Croissant,Bakery,Uptown,2,3.75,7.5
2025-01-27,January,Latte,Beverage,Uptown,2,4.5,9.0
2025-01-27,January,Croissant,Bakery,Uptown,2,3.75,7.5
2025-01-27,January,Cold Brew,Beverage,Uptown,1,4.0,4.0
2025-01-27,January,Croissant,Bakery,Uptown,3,3.75,11.25
2025-01-27,January,Cold Brew,Beverage,Downtown,1,4.0,4.0
2025-01-27,January,Cold Brew,Beverage,Uptown,2,4.0,8.0
2025-01-27,January,Cold Brew,Beverage,Downtown,3,4.0,12.0
2025-01-27,January,Latte,Beverage,Downtown,1,4.5,4.5
2025-01-27,January,Muffin,Bakery,Uptown,1,3.25,3.25
2025-01-27,January,Espresso,Beverage,Suburban,3,3.25,9.75
2025-01-27,January,Latte,Beverage,Downtown,1,4.5,4.5
2025-01-27,January,Cold Brew,Beverage,Uptown,3,4.0,12.0
2025-01-27,January,Bagel,Bakery,Downtown,2,2.95,5.9
2025-01-27,January,Cold Brew,Beverage,Suburban,1,4.0,4.0
2025-01-27,January,Latte,Beverage,Uptown,2,4.5,9.0
2025-01-27,January,Espresso,Beverage,Uptown,2,3.25,6.5
2025-01-27,January,Latte,Beverage,Downtown,1,4.5,4.5
2025-01-27,January,Espresso,Beverage,Downtown,2,3.25,6.5
2025-01-27,January,Bagel,Bakery,Uptown,1,2.95,2.95
2025-01-27,January,Muffin,Bakery,Suburban,2,3.25,6.5
2025-01-28,January,Latte,Beverage,Downtown,1,4.5,4.5
2025-01-28,January,Latte,Beverage,Suburban,1,4.5,4.5
2025-01-28,January,Latte,Beverage,Suburban,3,4.5,13.5
2025-01-28,January,Bagel,Bakery,Suburban,1,2.95,2.95
2025-01-28,January,Croissant,Bakery,Uptown,3,3.75,11.25
2025-01-28,January,Bagel,Bakery,Downtown,2,2.95,5.9
2025-01-28,January,Cold Brew,Beverage,Suburban,1,4.0,4.0
2025-01-28,January,Latte,Beverage,Uptown,1,4.5,4.5
2025-01-28,January,Cold Brew,Beverage,Suburban,1,4.0,4.0
2025-01-28,January,Bagel,Bakery,Uptown,3,2.95,8.85
2025-01-28,January,Cold Brew,Beverage,Uptown,2,4.0,8.0
2025-01-28,January,Espresso,Beverage,Downtown,1,3.25,3.25
2025-01-28,January,Cold Brew,Beverage,Downtown,1,4.0,4.0
2025-01-28,January,Bagel,Bakery,Uptown,2,2.95,5.9
2025-01-28,January,Croissant,Bakery,Suburban,3,3.75,11.25
2025-01-28,January,Latte,Beverage,Uptown,3,4.5,13.5
2025-01-29,January,Cold Brew,Beverage,Suburban,1,4.0,4.0
2025-01-29,January,Espresso,Beverage,Downtown,3,3.25,9.75
2025-01-29,January,Latte,Beverage,Suburban,2,4.5,9.0
2025-01-29,January,Cold Brew,Beverage,Downtown,1,4.0,4.0
2025-01-29,January,Bagel,Bakery,Downtown,3,2.95,8.85
2025-01-29,January,Cold Brew,Beverage,Downtown,1,4.0,4.0
2025-01-29,January,Bagel,Bakery,Downtown,2,2.95,5.9
2025-01-29,January,Croissant,Bakery,Downtown,2,3.75,7.5
2025-01-29,January,Cold Brew,Beverage,Downtown,1,4.0,4.0
2025-01-29,January,Bagel,Bakery,Downtown,3,2.95,8.85
2025-01-29,January,Bagel,Bakery,Suburban,2,2.95,5.9
2025-01-29,January,Muffin,Bakery,Uptown,2,3.25,6.5
2025-01-29,January,Croissant,Bakery,Downtown,3,3.75,11.25
2025-01-29,January,Latte,Beverage,Downtown,1,4.5,4.5
2025-01-29,January,Espresso,Beverage,Suburban,1,3.25,3.25
2025-01-29,January,Espresso,Beverage,Downtown,3,3.25,9.75
2025-01-29,January,Muffin,Bakery,Uptown,1,3.25,3.25
2025-01-29,January,Latte,Beverage,Uptown,2,4.5,9.0
2025-01-29,January,Croissant,Bakery,Uptown,2,3.75,7.5
2025-01-29,January,Muffin,Bakery,Uptown,2,3.25,6.5
2025-01-29,January,Espresso,Beverage,Downtown,2,3.25,6.5
2025-01-29,January,Latte,Beverage,Downtown,3,4.5,13.5
2025-01-29,January,Cold Brew,Beverage,Suburban,3,4.0,12.0
2025-01-29,January,Espresso,Beverage,Uptown,1,3.25,3.25
2025-01-29,January,Croissant,Bakery,Downtown,3,3.75,11.25
2025-01-29,January,Espresso,Beverage,Suburban,1,3.25,3.25
2025-01-29,January,Espresso,Beverage,Downtown,2,3.25,6.5
2025-01-30,January,Bagel,Bakery,Downtown,1,2.95,2.95
2025-01-30,January,Bagel,Bakery,Downtown,2,2.95,5.9
2025-01-30,January,Cold Brew,Beverage,Uptown,3,4.0,12.0
2025-01-30,January,Croissant,Bakery,Uptown,2,3.75,7.5
2025-01-30,January,Latte,Beverage,Suburban,3,4.5,13.5
2025-01-30,January,Espresso,Beverage,Suburban,3,3.25,9.75
2025-01-30,January,Muffin,Bakery,Uptown,2,3.25,6.5
2025-01-30,January,Bagel,Bakery,Suburban,1,2.95,2.95
2025-01-30,January,Bagel,Bakery,Uptown,3,2.95,8.85
2025-01-30,January,Croissant,Bakery,Suburban,1,3.75,3.75
2025-01-30,January,Cold Brew,Beverage,Suburban,1,4.0,4.0
2025-01-30,January,Croissant,Bakery,Downtown,2,3.75,7.5
2025-01-30,January,Muffin,Bakery,Suburban,2,3.25,6.5
2025-01-30,January,Muffin,Bakery,Downtown,1,3.25,3.25
2025-01-30,January,Bagel,Bakery,Uptown,2,2.95,5.9
2025-01-30,January,Latte,Beverage,Suburban,2,4.5,9.0
2025-01-30,January,Espresso,Beverage,Suburban,2,3.25,6.5
2025-01-31,January,Latte,Beverage,Downtown,3,4.5,13.5
2025-01-31,January,Cold Brew,Beverage,Suburban,2,4.0,8.0
2025-01-31,January,Espresso,Beverage,Downtown,2,3.25,6.5
2025-01-31,January,Muffin,Bakery,Uptown,2,3.25,6.5
2025-01-31,January,Cold Brew,Beverage,Suburban,1,4.0,4.0
2025-01-31,January,Croissant,Bakery,Uptown,1,3.75,3.75
2025-01-31,January,Muffin,Bakery,Uptown,3,3.25,9.75
2025-01-31,January,Latte,Beverage,Uptown,2,4.5,9.0
2025-01-31,January,Croissant,Bakery,Uptown,1,3.75,3.75
2025-01-31,January,Croissant,Bakery,Uptown,3,3.75,11.25
2025-01-31,January,Cold Brew,Beverage,Downtown,2,4.0,8.0
2025-01-31,January,Espresso,Beverage,Suburban,3,3.25,9.75
2025-01-31,January,Bagel,Bakery,Downtown,2,2.95,5.9
2025-01-31,January,Bagel,Bakery,Downtown,2,2.95,5.9
2025-01-31,January,Bagel,Bakery,Suburban,3,2.95,8.85
2025-01-31,January,Latte,Beverage,Uptown,3,4.5,13.5
2025-01-31,January,Croissant,Bakery,Uptown,3,3.75,11.25
2025-01-31,January,Latte,Beverage,Uptown,1,4.5,4.5
2025-01-31,January,Bagel,Bakery,Uptown,3,2.95,8.85
2025-02-01,February,Muffin,Bakery,Uptown,2,3.25,6.5
2025-02-01,February,Bagel,Bakery,Downtown,2,2.95,5.9
2025-02-01,February,Muffin,Bakery,Uptown,2,3.25,6.5
2025-02-01,February,Muffin,Bakery,Downtown,3,3.25,9.75
2025-02-01,February,Cold Brew,Beverage,Uptown,1,4.0,4.0
2025-02-01,February,Cold Brew,Beverage,Suburban,2,4.0,8.0
2025-02-01,February,Cold Brew,Beverage,Uptown,2,4.0,8.0
2025-02-01,February,Latte,Beverage,Suburban,1,4.5,4.5
2025-02-01,February,Espresso,Beverage,Suburban,1,3.25,3.25
2025-02-01,February,Espresso,Beverage,Suburban,2,3.25,6.5
2025-02-01,February,Croissant,Bakery,Downtown,1,3.75,3.75
2025-02-01,February,Bagel,Bakery,Suburban,1,2.95,2.95
2025-02-01,February,Latte,Beverage,Suburban,1,4.5,4.5
2025-02-01,February,Bagel,Bakery,Suburban,3,2.95,8.85
2025-02-01,February,Latte,Beverage,Suburban,3,4.5,13.5
2025-02-01,February,Latte,Beverage,Suburban,1,4.5,4.5
2025-02-01,February,Latte,Beverage,Downtown,3,4.5,13.5
2025-02-01,February,Latte,Beverage,Downtown,1,4.5,4.5
2025-02-01,February,Muffin,Bakery,Suburban,3,3.25,9.75
2025-02-01,February,Muffin,Bakery,Suburban,1,3.25,3.25
2025-02-01,February,Croissant,Bakery,Suburban,2,3.75,7.5
2025-02-01,February,Muffin,Bakery,Uptown,3,3.25,9.75
2025-02-01,February,Croissant,Bakery,Downtown,3,3.75,11.25
2025-02-01,February,Latte,Beverage,Downtown,2,4.5,9.0
2025-02-01,February,Latte,Beverage,Suburban,3,4.5,13.5
2025-02-01,February,Croissant,Bakery,Uptown,2,3.75,7.5
2025-02-02,February,Croissant,Bakery,Uptown,1,3.75,3.75
2025-02-02,February,Cold Brew,Beverage,Suburban,3,4.0,12.0
2025-02-02,February,Bagel,Bakery,Uptown,2,2.95,5.9
2025-02-02,February,Cold Brew,Beverage,Suburban,1,4.0,4.0
2025-02-02,February,Bagel,Bakery,Downtown,3,2.95,8.85
2025-02-02,February,Latte,Beverage,Uptown,3,4.5,13.5
2025-02-02,February,Muffin,Bakery,Uptown,2,3.25,6.5
2025-02-02,February,Croissant,Bakery,Uptown,3,3.75,11.25
2025-02-02,February,Muffin,Bakery,Uptown,1,3.25,3.25
2025-02-02,February,Bagel,Bakery,Suburban,3,2.95,8.85
2025-02-02,February,Latte,Beverage,Suburban,3,4.5,13.5
2025-02-02,February,Bagel,Bakery,Suburban,1,2.95,2.95
2025-02-02,February,Bagel,Bakery,Downtown,3,2.95,8.85
2025-02-02,February,Muffin,Bakery,Uptown,1,3.25,3.25
2025-02-02,February,Croissant,Bakery,Suburban,2,3.75,7.5
2025-02-02,February,Latte,Beverage,Uptown,2,4.5,9.0
2025-02-02,February,Croissant,Bakery,Downtown,1,3.75,3.75
2025-02-02,February,Latte,Beverage,Uptown,2,4.5,9.0
2025-02-02,February,Cold Brew,Beverage,Downtown,2,4.0,8.0
2025-02-02,February,Latte,Beverage,Suburban,2,4.5,9.0
2025-02-02,February,Latte,Beverage,Uptown,3,4.5,13.5
2025-02-02,February,Latte,Beverage,Downtown,2,4.5,9.0
2025-02-02,February,Espresso,Beverage,Uptown,2,3.25,6.5
2025-02-02,February,Muffin,Bakery,Suburban,1,3.25,3.25
2025-02-02,February,Latte,Beverage,Suburban,1,4.5,4.5
2025-02-03,February,Croissant,Bakery,Downtown,1,3.75,3.75
2025-02-03,February,Cold Brew,Beverage,Suburban,2,4.0,8.0
2025-02-03,February,Latte,Beverage,Suburban,1,4.5,4.5
2025-02-03,February,Espresso,Beverage,Uptown,1,3.25,3.25
2025-02-03,February,Cold Brew,Beverage,Suburban,2,4.0,8.0
2025-02-03,February,Bagel,Bakery,Suburban,1,2.95,2.95
2025-02-03,February,Croissant,Bakery,Suburban,1,3.75,3.75
2025-02-03,February,Espresso,Beverage,Suburban,2,3.25,6.5
2025-02-03,February,Latte,Beverage,Uptown,1,4.5,4.5
2025-02-03,February,Bagel,Bakery,Uptown,1,2.95,2.95
2025-02-03,February,Cold Brew,Beverage,Suburban,1,4.0,4.0
2025-02-03,February,Muffin,Bakery,Downtown,2,3.25,6.5
2025-02-03,February,Espresso,Beverage,Uptown,2,3.25,6.5
2025-02-03,February,Croissant,Bakery,Uptown,1,3.75,3.75
2025-02-03,February,Latte,Beverage,Suburban,3,4.5,13.5
2025-02-03,February,Croissant,Bakery,Suburban,1,3.75,3.75
2025-02-03,February,Espresso,Beverage,Downtown,3,3.25,9.75
2025-02-03,February,Croissant,Bakery,Downtown,1,3.75,3.75
2025-02-03,February,Muffin,Bakery,Downtown,3,3.25,9.75
2025-02-03,February,Bagel,Bakery,Downtown,1,2.95,2.95
2025-02-03,February,Latte,Beverage,Downtown,2,4.5,9.0
2025-02-03,February,Cold Brew,Beverage,Downtown,1,4.0,4.0
2025-02-03,February,Cold Brew,Beverage,Suburban,3,4.0,12.0
2025-02-03,February,Cold Brew,Beverage,Suburban,1,4.0,4.0
2025-02-03,February,Muffin,Bakery,Suburban,3,3.25,9.75
2025-02-03,February,Muffin,Bakery,Uptown,3,3.25,9.75
2025-02-04,February,Latte,Beverage,Suburban,1,4.5,4.5
2025-02-04,February,Muffin,Bakery,Downtown,3,3.25,9.75
2025-02-04,February,Cold Brew,Beverage,Suburban,1,4.0,4.0
2025-02-04,February,Latte,Beverage,Uptown,1,4.5,4.5
2025-02-04,February,Bagel,Bakery,Downtown,3,2.95,8.85
2025-02-04,February,Latte,Beverage,Downtown,1,4.5,4.5
2025-02-04,February,Croissant,Bakery,Downtown,1,3.75,3.75
2025-02-04,February,Croissant,Bakery,Downtown,1,3.75,3.75
2025-02-04,February,Espresso,Beverage,Uptown,1,3.25,3.25
2025-02-04,February,Bagel,Bakery,Downtown,3,2.95,8.85
2025-02-04,February,Espresso,Beverage,Uptown,2,3.25,6.5
2025-02-04,February,Muffin,Bakery,Uptown,3,3.25,9.75
2025-02-04,February,Latte,Beverage,Downtown,1,4.5,4.5
2025-02-04,February,Espresso,Beverage,Downtown,3,3.25,9.75
2025-02-04,February,Muffin,Bakery,Uptown,2,3.25,6.5
2025-02-04,February,Cold Brew,Beverage,Downtown,3,4.0,12.0
2025-02-04,February,Espresso,Beverage,Uptown,2,3.25,6.5
2025-02-04,February,Croissant,Bakery,Uptown,3,3.75,11.25
2025-02-04,February,Latte,Beverage,Suburban,1,4.5,4.5
2025-02-04,February,Latte,Beverage,Uptown,2,4.5,9.0
2025-02-05,February,Muffin,Bakery,Downtown,2,3.25,6.5
2025-02-05,February,Cold Brew,Beverage,Downtown,2,4.0,8.0
2025-02-05,February,Croissant,Bakery,Uptown,1,3.75,3.75
2025-02-05,February,Muffin,Bakery,Downtown,3,3.25,9.75
2025-02-05,February,Muffin,Bakery,Uptown,1,3.25,3.25
2025-02-05,February,Latte,Beverage,Downtown,1,4.5,4.5
2025-02-05,February,Espresso,Beverage,Downtown,3,3.25,9.75
2025-02-05,February,Cold Brew,Beverage,Suburban,3,4.0,12.0
2025-02-05,February,Bagel,Bakery,Suburban,1,2.95,2.95
2025-02-05,February,Croissant,Bakery,Uptown,1,3.75,3.75
2025-02-05,February,Bagel,Bakery,Downtown,2,2.95,5.9
2025-02-05,February,Bagel,Bakery,Suburban,3,2.95,8.85
2025-02-05,February,Bagel,Bakery,Uptown,3,2.95,8.85
2025-02-05,February,Latte,Beverage,Downtown,2,4.5,9.0
2025-02-05,February,Cold Brew,Beverage,Suburban,2,4.0,8.0
2025-02-05,February,Latte,Beverage,Suburban,1,4.5,4.5
2025-02-05,February,Espresso,Beverage,Suburban,2,3.25,6.5
2025-02-05,February,Croissant,Bakery,Suburban,2,3.75,7.5
2025-02-05,February,Cold Brew,Beverage,Uptown,3,4.0,12.0
2025-02-05,February,Espresso,Beverage,Downtown,2,3.25,6.5
2025-02-05,February,Bagel,Bakery,Uptown,2,2.95,5.9
2025-02-05,February,Cold Brew,Beverage,Downtown,2,4.0,8.0
2025-02-05,February,Latte,Beverage,Downtown,2,4.5,9.0
2025-02-05,February,Muffin,Bakery,Suburban,1,3.25,3.25
2025-02-05,February,Cold Brew,Beverage,Downtown,2,4.0,8.0
2025-02-05,February,Cold Brew,Beverage,Downtown,3,4.0,12.0
2025-02-06,February,Croissant,Bakery,Downtown,1,3.75,3.75
2025-02-06,February,Cold Brew,Beverage,Uptown,2,4.0,8.0
2025-02-06,February,Muffin,Bakery,Downtown,3,3.25,9.75
2025-02-06,February,Cold Brew,Beverage,Downtown,1,4.0,4.0
2025-02-06,February,Latte,Beverage,Suburban,2,4.5,9.0
2025-02-06,February,Muffin,Bakery,Suburban,2,3.25,6.5
2025-02-06,February,Latte,Beverage,Suburban,3,4.5,13.5
2025-02-06,February,Espresso,Beverage,Suburban,2,3.25,6.5
2025-02-06,February,Cold Brew,Beverage,Suburban,3,4.0,12.0
2025-02-06,February,Cold Brew,Beverage,Uptown,1,4.0,4.0
2025-02-06,February,Latte,Beverage,Uptown,2,4.5,9.0
2025-02-06,February,Cold Brew,Beverage,Downtown,1,4.0,4.0
2025-02-06,February,Muffin,Bakery,Downtown,1,3.25,3.25
2025-02-06,February,Bagel,Bakery,Uptown,1,2.95,2.95
2025-02-06,February,Latte,Beverage,Uptown,1,4.5,4.5
2025-02-06,February,Croissant,Bakery,Downtown,1,3.75,3.75
2025-02-07,February,Croissant,Bakery,Downtown,3,3.75,11.25
2025-02-07,February,Latte,Beverage,Uptown,2,4.5,9.0
2025-02-07,February,Latte,Beverage,Uptown,1,4.5,4.5
2025-02-07,February,Cold Brew,Beverage,Downtown,2,4.0,8.0
2025-02-07,February,Bagel,Bakery,Uptown,2,2.95,5.9
2025-02-07,February,Latte,Beverage,Suburban,3,4.5,13.5
2025-02-07,February,Espresso,Beverage,Suburban,3,3.25,9.75
2025-02-07,February,Espresso,Beverage,Downtown,3,3.25,9.75
2025-02-07,February,Espresso,Beverage,Uptown,1,3.25,3.25
2025-02-07,February,Croissant,Bakery,Downtown,2,3.75,7.5
2025-02-07,February,Latte,Beverage,Suburban,3,4.5,13.5
2025-02-07,February,Muffin,Bakery,Suburban,1,3.25,3.25
2025-02-07,February,Muffin,Bakery,Downtown,2,3.25,6.5
2025-02-07,February,Bagel,Bakery,Downtown,2,2.95,5.9
2025-02-07,February,Latte,Beverage,Downtown,2,4.5,9.0
2025-02-07,February,Latte,Beverage,Suburban,2,4.5,9.0
2025-02-07,February,Espresso,Beverage,Suburban,2,3.25,6.5
2025-02-08,February,Bagel,Bakery,Suburban,1,2.95,2.95
2025-02-08,February,Bagel,Bakery,Uptown,1,2.95,2.95
2025-02-08,February,Croissant,Bakery,Downtown,2,3.75,7.5
2025-02-08,February,Bagel,Bakery,Uptown,3,2.95,8.85
2025-02-08,February,Muffin,Bakery,Suburban,2,3.25,6.5
2025-02-08,February,Croissant,Bakery,Downtown,2,3.75,7.5
2025-02-08,February,Croissant,Bakery,Downtown,1,3.75,3.75
2025-02-08,February,Latte,Beverage,Downtown,3,4.5,13.5
2025-02-08,February,Muffin,Bakery,Downtown,3,3.25,9.75
2025-02-08,February,Croissant,Bakery,Uptown,2,3.75,7.5
2025-02-08,February,Muffin,Bakery,Uptown,2,3.25,6.5
2025-02-08,February,Cold Brew,Beverage,Uptown,3,4.0,12.0
2025-02-08,February,Cold Brew,Beverage,Suburban,3,4.0,12.0
2025-02-08,February,Bagel,Bakery,Uptown,3,2.95,8.85
2025-02-08,February,Muffin,Bakery,Downtown,1,3.25,3.25
2025-02-08,February,Cold Brew,Beverage,Uptown,3,4.0,12.0
2025-02-08,February,Cold Brew,Beverage,Downtown,2,4.0,8.0
2025-02-08,February,Croissant,Bakery,Uptown,2,3.75,7.5
2025-02-08,February,Cold Brew,Beverage,Suburban,1,4.0,4.0
2025-02-08,February,Cold Brew,Beverage,Uptown,1,4.0,4.0
2025-02-08,February,Croissant,Bakery,Downtown,1,3.75,3.75
2025-02-08,February,Espresso,Beverage,Suburban,2,3.25,6.5
2025-02-08,February,Bagel,Bakery,Suburban,2,2.95,5.9
2025-02-08,February,Latte,Beverage,Uptown,3,4.5,13.5
2025-02-08,February,Muffin,Bakery,Uptown,3,3.25,9.75
2025-02-08,February,Latte,Beverage,Suburban,2,4.5,9.0
2025-02-08,February,Bagel,Bakery,Downtown,3,2.95,8.85
2025-02-09,February,Espresso,Beverage,Suburban,3,3.25,9.75
2025-02-09,February,Espresso,Beverage,Suburban,2,3.25,6.5
2025-02-09,February,Bagel,Bakery,Downtown,2,2.95,5.9
2025-02-09,February,Bagel,Bakery,Uptown,3,2.95,8.85
2025-02-09,February,Bagel,Bakery,Uptown,1,2.95,2.95
2025-02-09,February,Espresso,Beverage,Suburban,3,3.25,9.75
2025-02-09,February,Bagel,Bakery,Downtown,2,2.95,5.9
2025-02-09,February,Espresso,Beverage,Suburban,2,3.25,6.5
2025-02-09,February,Espresso,Beverage,Downtown,3,3.25,9.75
2025-02-09,February,Cold Brew,Beverage,Uptown,1,4.0,4.0
2025-02-09,February,Cold Brew,Beverage,Uptown,1,4.0,4.0
2025-02-09,February,Muffin,Bakery,Downtown,3,3.25,9.75
2025-02-09,February,Bagel,Bakery,Suburban,3,2.95,8.85
2025-02-09,February,Cold Brew,Beverage,Uptown,3,4.0,12.0
2025-02-09,February,Espresso,Beverage,Suburban,1,3.25,3.25
2025-02-09,February,Espresso,Beverage,Suburban,2,3.25,6.5
2025-02-09,February,Espresso,Beverage,Downtown,2,3.25,6.5
2025-02-09,February,Croissant,Bakery,Suburban,1,3.75,3.75
2025-02-09,February,Espresso,Beverage,Suburban,3,3.25,9.75
2025-02-09,February,Bagel,Bakery,Downtown,3,2.95,8.85
2025-02-09,February,Bagel,Bakery,Suburban,2,2.95,5.9
2025-02-09,February,Bagel,Bakery,Uptown,2,2.95,5.9
2025-02-09,February,Espresso,Beverage,Uptown,1,3.25,3.25
2025-02-10,February,Croissant,Bakery,Downtown,2,3.75,7.5
2025-02-10,February,Croissant,Bakery,Suburban,2,3.75,7.5
2025-02-10,February,Muffin,Bakery,Suburban,2,3.25,6.5
2025-02-10,February,Cold Brew,Beverage,Uptown,3,4.0,12.0
2025-02-10,February,Espresso,Beverage,Downtown,2,3.25,6.5
2025-02-10,February,Espresso,Beverage,Suburban,3,3.25,9.75
2025-02-10,February,Latte,Beverage,Downtown,3,4.5,13.5
2025-02-10,February,Latte,Beverage,Downtown,3,4.5,13.5
2025-02-10,February,Muffin,Bakery,Downtown,3,3.25,9.75
2025-02-10,February,Espresso,Beverage,Uptown,3,3.25,9.75
2025-02-10,February,Croissant,Bakery,Uptown,2,3.75,7.5
2025-02-10,February,Muffin,Bakery,Downtown,2,3.25,6.5
2025-02-10,February,Croissant,Bakery,Downtown,3,3.75,11.25
2025-02-10,February,Cold Brew,Beverage,Uptown,3,4.0,12.0
2025-02-10,February,Espresso,Beverage,Uptown,1,3.25,3.25
2025-02-10,February,Cold Brew,Beverage,Uptown,3,4.0,12.0
2025-02-10,February,Bagel,Bakery,Uptown,1,2.95,2.95
2025-02-10,February,Espresso,Beverage,Downtown,2,3.25,6.5
2025-02-10,February,Cold Brew,Beverage,Downtown,2,4.0,8.0
2025-02-10,February,Espresso,Beverage,Suburban,2,3.25,6.5
2025-02-10,February,Latte,Beverage,Downtown,2,4.5,9.0
2025-02-10,February,Muffin,Bakery,Suburban,2,3.25,6.5
2025-02-10,February,Latte,Beverage,Uptown,1,4.5,4.5
2025-02-10,February,Croissant,Bakery,Suburban,3,3.75,11.25
2025-02-10,February,Bagel,Bakery,Uptown,2,2.95,5.9
2025-02-10,February,Cold Brew,Beverage,Uptown,1,4.0,4.0
2025-02-10,February,Cold Brew,Beverage,Downtown,1,4.0,4.0
2025-02-11,February,Cold Brew,Beverage,Uptown,3,4.0,12.0
2025-02-11,February,Bagel,Bakery,Downtown,2,2.95,5.9
2025-02-11,February,Latte,Beverage,Uptown,3,4.5,13.5
2025-02-11,February,Latte,Beverage,Suburban,2,4.5,9.0
2025-02-11,February,Cold Brew,Beverage,Downtown,1,4.0,4.0
2025-02-11,February,Bagel,Bakery,Suburban,3,2.95,8.85
2025-02-11,February,Bagel,Bakery,Downtown,1,2.95,2.95
2025-02-11,February,Espresso,Beverage,Suburban,1,3.25,3.25
2025-02-11,February,Bagel,Bakery,Suburban,1,2.95,2.95
2025-02-11,February,Croissant,Bakery,Suburban,1,3.75,3.75
2025-02-11,February,Bagel,Bakery,Suburban,2,2.95,5.9
2025-02-11,February,Cold Brew,Beverage,Uptown,3,4.0,12.0
2025-02-11,February,Bagel,Bakery,Downtown,1,2.95,2.95
2025-02-11,February,Bagel,Bakery,Downtown,1,2.95,2.95
2025-02-11,February,Muffin,Bakery,Uptown,1,3.25,3.25
2025-02-11,February,Latte,Beverage,Suburban,1,4.5,4.5
2025-02-11,February,Latte,Beverage,Suburban,1,4.5,4.5
2025-02-11,February,Bagel,Bakery,Suburban,1,2.95,2.95
2025-02-11,February,Croissant,Bakery,Downtown,3,3.75,11.25
2025-02-11,February,Bagel,Bakery,Suburban,2,2.95,5.9
2025-02-11,February,Cold Brew,Beverage,Uptown,3,4.0,12.0
2025-02-11,February,Espresso,Beverage,Suburban,3,3.25,9.75
2025-02-11,February,Latte,Beverage,Uptown,2,4.5,9.0
2025-02-12,February,Bagel,Bakery,Downtown,3,2.95,8.85
2025-02-12,February,Bagel,Bakery,Suburban,2,2.95,5.9
2025-02-12,February,Muffin,Bakery,Uptown,2,3.25,6.5
2025-02-12,February,Cold Brew,Beverage,Uptown,3,4.0,12.0
2025-02-12,February,Latte,Beverage,Downtown,2,4.5,9.0
2025-02-12,February,Cold Brew,Beverage,Downtown,1,4.0,4.0
2025-02-12,February,Muffin,Bakery,Uptown,1,3.25,3.25
2025-02-12,February,Muffin,Bakery,Uptown,3,3.25,9.75
2025-02-12,February,Latte,Beverage,Suburban,3,4.5,13.5
2025-02-12,February,Croissant,Bakery,Downtown,1,3.75,3.75
2025-02-12,February,Latte,Beverage,Suburban,1,4.5,4.5
2025-02-12,February,Latte,Beverage,Suburban,1,4.5,4.5
2025-02-12,February,Muffin,Bakery,Uptown,1,3.25,3.25
2025-02-12,February,Croissant,Bakery,Suburban,2,3.75,7.5
2025-02-12,February,Bagel,Bakery,Downtown,3,2.95,8.85
2025-02-12,February,Latte,Beverage,Downtown,2,4.5,9.0
2025-02-12,February,Cold Brew,Beverage,Suburban,1,4.0,4.0
2025-02-12,February,Espresso,Beverage,Downtown,1,3.25,3.25
2025-02-12,February,Espresso,Beverage,Uptown,2,3.25,6.5
2025-02-12,February,Bagel,Bakery,Uptown,1,2.95,2.95
2025-02-12,February,Croissant,Bakery,Suburban,2,3.75,7.5
2025-02-12,February,Latte,Beverage,Suburban,2,4.5,9.0
2025-02-12,February,Bagel,Bakery,Uptown,2,2.95,5.9
2025-02-13,February,Croissant,Bakery,Downtown,3,3.75,11.25
2025-02-13,February,Cold Brew,Beverage,Downtown,1,4.0,4.0
2025-02-13,February,Cold Brew,Beverage,Uptown,1,4.0,4.0
2025-02-13,February,Cold Brew,Beverage,Suburban,2,4.0,8.0
2025-02-13,February,Bagel,Bakery,Downtown,2,2.95,5.9
2025-02-13,February,Muffin,Bakery,Uptown,1,3.25,3.25
2025-02-13,February,Cold Brew,Beverage,Uptown,1,4.0,4.0
2025-02-13,February,Latte,Beverage,Uptown,1,4.5,4.5
2025-02-13,February,Latte,Beverage,Downtown,3,4.5,13.5
2025-02-13,February,Cold Brew,Beverage,Downtown,3,4.0,12.0
2025-02-13,February,Muffin,Bakery,Suburban,3,3.25,9.75
2025-02-13,February,Latte,Beverage,Suburban,3,4.5,13.5
2025-02-13,February,Muffin,Bakery,Suburban,1,3.25,3.25
2025-02-13,February,Espresso,Beverage,Uptown,2,3.25,6.5
2025-02-13,February,Croissant,Bakery,Downtown,2,3.75,7.5
2025-02-13,February,Croissant,Bakery,Uptown,3,3.75,11.25
2025-02-13,February,Latte,Beverage,Downtown,3,4.5,13.5
2025-02-13,February,Cold Brew,Beverage,Uptown,2,4.0,8.0
2025-02-13,February,Bagel,Bakery,Suburban,2,2.95,5.9
2025-02-13,February,Espresso,Beverage,Uptown,3,3.25,9.75
2025-02-13,February,Latte,Beverage,Suburban,1,4.5,4.5
2025-02-13,February,Croissant,Bakery,Downtown,2,3.75,7.5
2025-02-13,February,Croissant,Bakery,Downtown,3,3.75,11.25
2025-02-13,February,Cold Brew,Beverage,Suburban,2,4.0,8.0
2025-02-13,February,Latte,Beverage,Suburban,2,4.5,9.0
2025-02-13,February,Espresso,Beverage,Suburban,3,3.25,9.75
2025-02-13,February,Muffin,Bakery,Suburban,2,3.25,6.5
2025-02-14,February,Bagel,Bakery,Uptown,2,2.95,5.9
2025-02-14,February,Croissant,Bakery,Suburban,1,3.75,3.75
2025-02-14,February,Muffin,Bakery,Downtown,2,3.25,6.5
2025-02-14,February,Cold Brew,Beverage,Uptown,2,4.0,8.0
2025-02-14,February,Muffin,Bakery,Suburban,3,3.25,9.75
2025-02-14,February,Bagel,Bakery,Uptown,3,2.95,8.85
2025-02-14,February,Croissant,Bakery,Uptown,2,3.75,7.5
2025-02-14,February,Muffin,Bakery,Uptown,2,3.25,6.5
2025-02-14,February,Espresso,Beverage,Uptown,3,3.25,9.75
2025-02-14,February,Cold Brew,Beverage,Downtown,2,4.0,8.0
2025-02-14,February,Croissant,Bakery,Uptown,3,3.75,11.25
2025-02-14,February,Espresso,Beverage,Downtown,2,3.25,6.5
2025-02-14,February,Cold Brew,Beverage,Downtown,2,4.0,8.0
2025-02-14,February,Muffin,Bakery,Suburban,1,3.25,3.25
2025-02-14,February,Muffin,Bakery,Uptown,1,3.25,3.25
2025-02-14,February,Espresso,Beverage,Suburban,1,3.25,3.25
2025-02-14,February,Muffin,Bakery,Downtown,1,3.25,3.25
2025-02-14,February,Latte,Beverage,Downtown,2,4.5,9.0
2025-02-14,February,Latte,Beverage,Downtown,2,4.5,9.0
2025-02-14,February,Bagel,Bakery,Suburban,3,2.95,8.85
2025-02-14,February,Latte,Beverage,Suburban,3,4.5,13.5
2025-02-14,February,Latte,Beverage,Uptown,3,4.5,13.5
2025-02-14,February,Muffin,Bakery,Suburban,2,3.25,6.5
2025-02-14,February,Espresso,Beverage,Downtown,2,3.25,6.5
2025-02-14,February,Latte,Beverage,Uptown,1,4.5,4.5
2025-02-14,February,Espresso,Beverage,Uptown,3,3.25,9.75
2025-02-15,February,Muffin,Bakery,Downtown,1,3.25,3.25
2025-02-15,February,Cold Brew,Beverage,Downtown,2,4.0,8.0
2025-02-15,February,Muffin,Bakery,Suburban,2,3.25,6.5
2025-02-15,February,Espresso,Beverage,Downtown,3,3.25,9.75
2025-02-15,February,Cold Brew,Beverage,Suburban,2,4.0,8.0
2025-02-15,February,Latte,Beverage,Uptown,1,4.5,4.5
2025-02-15,February,Cold Brew,Beverage,Downtown,1,4.0,4.0
2025-02-15,February,Latte,Beverage,Uptown,2,4.5,9.0
2025-02-15,February,Cold Brew,Beverage,Downtown,3,4.0,12.0
2025-02-15,February,Bagel,Bakery,Downtown,3,2.95,8.85
2025-02-15,February,Latte,Beverage,Downtown,1,4.5,4.5
2025-02-15,February,Cold Brew,Beverage,Downtown,1,4.0,4.0
2025-02-15,February,Cold Brew,Beverage,Downtown,3,4.0,12.0
2025-02-15,February,Bagel,Bakery,Suburban,2,2.95,5.9
2025-02-15,February,Latte,Beverage,Suburban,2,4.5,9.0
2025-02-15,February,Espresso,Beverage,Uptown,3,3.25,9.75
2025-02-15,February,Cold Brew,Beverage,Uptown,2,4.0,8.0
2025-02-15,February,Espresso,Beverage,Uptown,3,3.25,9.75
2025-02-15,February,Bagel,Bakery,Uptown,2,2.95,5.9
2025-02-15,February,Cold Brew,Beverage,Suburban,3,4.0,12.0
2025-02-15,February,Bagel,Bakery,Suburban,2,2.95,5.9
2025-02-15,February,Cold Brew,Beverage,Suburban,2,4.0,8.0
2025-02-15,February,Espresso,Beverage,Downtown,3,3.25,9.75
2025-02-15,February,Croissant,Bakery,Uptown,2,3.75,7.5
2025-02-15,February,Cold Brew,Beverage,Uptown,2,4.0,8.0
2025-02-15,February,Cold Brew,Beverage,Suburban,2,4.0,8.0
2025-02-15,February,Croissant,Bakery,Suburban,2,3.75,7.5
2025-02-16,February,Espresso,Beverage,Downtown,3,3.25,9.75
2025-02-16,February,Latte,Beverage,Downtown,3,4.5,13.5
2025-02-16,February,Bagel,Bakery,Suburban,3,2.95,8.85
2025-02-16,February,Muffin,Bakery,Downtown,3,3.25,9.75
2025-02-16,February,Bagel,Bakery,Downtown,1,2.95,2.95
2025-02-16,February,Espresso,Beverage,Suburban,2,3.25,6.5
2025-02-16,February,Latte,Beverage,Uptown,3,4.5,13.5
2025-02-16,February,Croissant,Bakery,Uptown,3,3.75,11.25
2025-02-16,February,Cold Brew,Beverage,Uptown,3,4.0,12.0
2025-02-16,February,Croissant,Bakery,Downtown,1,3.75,3.75
2025-02-16,February,Latte,Beverage,Downtown,1,4.5,4.5
2025-02-16,February,Muffin,Bakery,Uptown,1,3.25,3.25
2025-02-16,February,Bagel,Bakery,Uptown,3,2.95,8.85
2025-02-16,February,Espresso,Beverage,Downtown,3,3.25,9.75
2025-02-16,February,Muffin,Bakery,Downtown,3,3.25,9.75
2025-02-16,February,Muffin,Bakery,Downtown,1,3.25,3.25
2025-02-16,February,Muffin,Bakery,Downtown,3,3.25,9.75
2025-02-16,February,Bagel,Bakery,Suburban,3,2.95,8.85
2025-02-16,February,Espresso,Beverage,Suburban,1,3.25,3.25
2025-02-16,February,Bagel,Bakery,Uptown,3,2.95,8.85
2025-02-16,February,Latte,Beverage,Downtown,3,4.5,13.5
2025-02-16,February,Cold Brew,Beverage,Uptown,3,4.0,12.0
2025-02-16,February,Latte,Beverage,Uptown,1,4.5,4.5
2025-02-16,February,Bagel,Bakery,Suburban,2,2.95,5.9
2025-02-16,February,Latte,Beverage,Suburban,3,4.5,13.5
2025-02-16,February,Croissant,Bakery,Uptown,3,3.75,11.25
2025-02-16,February,Cold Brew,Beverage,Suburban,3,4.0,12.0
2025-02-16,February,Bagel,Bakery,Suburban,1,2.95,2.95
2025-02-16,February,Espresso,Beverage,Uptown,2,3.25,6.5
2025-02-17,February,Bagel,Bakery,Downtown,3,2.95,8.85
2025-02-17,February,Latte,Beverage,Suburban,1,4.5,4.5
2025-02-17,February,Croissant,Bakery,Suburban,3,3.75,11.25
2025-02-17,February,Muffin,Bakery,Downtown,1,3.25,3.25
2025-02-17,February,Cold Brew,Beverage,Suburban,2,4.0,8.0
2025-02-17,February,Espresso,Beverage,Downtown,2,3.25,6.5
2025-02-17,February,Latte,Beverage,Downtown,1,4.5,4.5
2025-02-17,February,Croissant,Bakery,Uptown,2,3.75,7.5
2025-02-17,February,Cold Brew,Beverage,Suburban,3,4.0,12.0
2025-02-17,February,Croissant,Bakery,Suburban,2,3.75,7.5
2025-02-17,February,Muffin,Bakery,Suburban,1,3.25,3.25
2025-02-17,February,Espresso,Beverage,Uptown,2,3.25,6.5
2025-02-17,February,Cold Brew,Beverage,Suburban,1,4.0,4.0
2025-02-17,February,Espresso,Beverage,Suburban,1,3.25,3.25
2025-02-17,February,Muffin,Bakery,Suburban,1,3.25,3.25
2025-02-17,February,Bagel,Bakery,Uptown,1,2.95,2.95
2025-02-17,February,Cold Brew,Beverage,Downtown,1,4.0,4.0
2025-02-17,February,Latte,Beverage,Uptown,1,4.5,4.5
2025-02-17,February,Cold Brew,Beverage,Downtown,1,4.0,4.0
2025-02-17,February,Latte,Beverage,Downtown,3,4.5,13.5
2025-02-18,February,Croissant,Bakery,Uptown,3,3.75,11.25
2025-02-18,February,Latte,Beverage,Downtown,2,4.5,9.0
2025-02-18,February,Espresso,Beverage,Downtown,1,3.25,3.25
2025-02-18,February,Espresso,Beverage,Suburban,1,3.25,3.25
2025-02-18,February,Croissant,Bakery,Suburban,2,3.75,7.5
2025-02-18,February,Latte,Beverage,Suburban,2,4.5,9.0
2025-02-18,February,Croissant,Bakery,Downtown,2,3.75,7.5
2025-02-18,February,Espresso,Beverage,Downtown,1,3.25,3.25
2025-02-18,February,Muffin,Bakery,Uptown,2,3.25,6.5
2025-02-18,February,Muffin,Bakery,Downtown,1,3.25,3.25
2025-02-18,February,Cold Brew,Beverage,Uptown,3,4.0,12.0
2025-02-18,February,Bagel,Bakery,Suburban,1,2.95,2.95
2025-02-18,February,Espresso,Beverage,Uptown,1,3.25,3.25
2025-02-18,February,Espresso,Beverage,Suburban,3,3.25,9.75
2025-02-18,February,Croissant,Bakery,Downtown,1,3.75,3.75
2025-02-18,February,Croissant,Bakery,Suburban,2,3.75,7.5
2025-02-18,February,Croissant,Bakery,Downtown,1,3.75,3.75
2025-02-18,February,Muffin,Bakery,Suburban,1,3.25,3.25
2025-02-18,February,Espresso,Beverage,Suburban,3,3.25,9.75
2025-02-18,February,Cold Brew,Beverage,Suburban,1,4.0,4.0
2025-02-18,February,Latte,Beverage,Suburban,2,4.5,9.0
2025-02-18,February,Muffin,Bakery,Suburban,1,3.25,3.25
2025-02-18,February,Espresso,Beverage,Uptown,3,3.25,9.75
2025-02-18,February,Latte,Beverage,Downtown,2,4.5,9.0
2025-02-18,February,Bagel,Bakery,Downtown,1,2.95,2.95
2025-02-18,February,Croissant,Bakery,Uptown,3,3.75,11.25
2025-02-18,February,Croissant,Bakery,Suburban,2,3.75,7.5
2025-02-18,February,Cold Brew,Beverage,Suburban,3,4.0,12.0
2025-02-19,February,Bagel,Bakery,Downtown,3,2.95,8.85
2025-02-19,February,Muffin,Bakery,Downtown,3,3.25,9.75
2025-02-19,February,Muffin,Bakery,Uptown,1,3.25,3.25
2025-02-19,February,Muffin,Bakery,Uptown,1,3.25,3.25
2025-02-19,February,Muffin,Bakery,Suburban,2,3.25,6.5
2025-02-19,February,Espresso,Beverage,Suburban,3,3.25,9.75
2025-02-19,February,Bagel,Bakery,Suburban,1,2.95,2.95
2025-02-19,February,Cold Brew,Beverage,Uptown,2,4.0,8.0
2025-02-19,February,Croissant,Bakery,Uptown,2,3.75,7.5
2025-02-19,February,Espresso,Beverage,Downtown,3,3.25,9.75
2025-02-19,February,Espresso,Beverage,Uptown,2,3.25,6.5
2025-02-19,February,Croissant,Bakery,Downtown,3,3.75,11.25
2025-02-19,February,Latte,Beverage,Suburban,2,4.5,9.0
2025-02-19,February,Croissant,Bakery,Uptown,2,3.75,7.5
2025-02-19,February,Bagel,Bakery,Suburban,2,2.95,5.9
2025-02-19,February,Muffin,Bakery,Downtown,1,3.25,3.25
2025-02-19,February,Muffin,Bakery,Uptown,1,3.25,3.25
2025-02-19,February,Latte,Beverage,Downtown,2,4.5,9.0
2025-02-19,February,Croissant,Bakery,Suburban,3,3.75,11.25
2025-02-19,February,Bagel,Bakery,Uptown,1,2.95,2.95
2025-02-19,February,Latte,Beverage,Suburban,3,4.5,13.5
2025-02-19,February,Latte,Beverage,Uptown,2,4.5,9.0
2025-02-19,February,Cold Brew,Beverage,Downtown,2,4.0,8.0
2025-02-19,February,Cold Brew,Beverage,Suburban,2,4.0,8.0
2025-02-19,February,Bagel,Bakery,Downtown,3,2.95,8.85
2025-02-19,February,Bagel,Bakery,Uptown,2,2.95,5.9
2025-02-19,February,Bagel,Bakery,Downtown,3,2.95,8.85
2025-02-19,February,Cold Brew,Beverage,Uptown,3,4.0,12.0
2025-02-19,February,Latte,Beverage,Suburban,2,4.5,9.0
2025-02-20,February,Muffin,Bakery,Suburban,3,3.25,9.75
2025-02-20,February,Latte,Beverage,Uptown,1,4.5,4.5
2025-02-20,February,Croissant,Bakery,Suburban,2,3.75,7.5
2025-02-20,February,Muffin,Bakery,Suburban,1,3.25,3.25
2025-02-20,February,Latte,Beverage,Downtown,2,4.5,9.0
2025-02-20,February,Cold Brew,Beverage,Uptown,3,4.0,12.0
2025-02-20,February,Muffin,Bakery,Uptown,1,3.25,3.25
2025-02-20,February,Cold Brew,Beverage,Suburban,3,4.0,12.0
2025-02-20,February,Croissant,Bakery,Uptown,1,3.75,3.75
2025-02-20,February,Espresso,Beverage,Downtown,2,3.25,6.5
2025-02-20,February,Croissant,Bakery,Downtown,1,3.75,3.75
2025-02-20,February,Espresso,Beverage,Suburban,3,3.25,9.75
2025-02-20,February,Muffin,Bakery,Uptown,1,3.25,3.25
2025-02-20,February,Bagel,Bakery,Downtown,2,2.95,5.9
2025-02-20,February,Espresso,Beverage,Suburban,1,3.25,3.25
2025-02-20,February,Latte,Beverage,Suburban,3,4.5,13.5
2025-02-20,February,Bagel,Bakery,Downtown,3,2.95,8.85
2025-02-20,February,Muffin,Bakery,Downtown,1,3.25,3.25
2025-02-21,February,Espresso,Beverage,Downtown,1,3.25,3.25
2025-02-21,February,Espresso,Beverage,Downtown,2,3.25,6.5
2025-02-21,February,Espresso,Beverage,Downtown,3,3.25,9.75
2025-02-21,February,Espresso,Beverage,Downtown,1,3.25,3.25
2025-02-21,February,Croissant,Bakery,Suburban,3,3.75,11.25
2025-02-21,February,Croissant,Bakery,Suburban,1,3.75,3.75
2025-02-21,February,Espresso,Beverage,Uptown,2,3.25,6.5
2025-02-21,February,Bagel,Bakery,Uptown,1,2.95,2.95
2025-02-21,February,Cold Brew,Beverage,Suburban,2,4.0,8.0
2025-02-21,February,Muffin,Bakery,Uptown,2,3.25,6.5
2025-02-21,February,Muffin,Bakery,Downtown,2,3.25,6.5
2025-02-21,February,Cold Brew,Beverage,Downtown,1,4.0,4.0
2025-02-21,February,Cold Brew,Beverage,Suburban,3,4.0,12.0
2025-02-21,February,Latte,Beverage,Downtown,2,4.5,9.0
2025-02-21,February,Muffin,Bakery,Suburban,1,3.25,3.25
2025-02-21,February,Bagel,Bakery,Downtown,3,2.95,8.85
2025-02-21,February,Bagel,Bakery,Uptown,3,2.95,8.85
2025-02-21,February,Bagel,Bakery,Downtown,3,2.95,8.85
2025-02-22,February,Muffin,Bakery,Downtown,1,3.25,3.25
2025-02-22,February,Muffin,Bakery,Uptown,1,3.25,3.25
2025-02-22,February,Muffin,Bakery,Suburban,2,3.25,6.5
2025-02-22,February,Espresso,Beverage,Suburban,1,3.25,3.25
2025-02-22,February,Croissant,Bakery,Downtown,1,3.75,3.75
2025-02-22,February,Cold Brew,Beverage,Downtown,2,4.0,8.0
2025-02-22,February,Croissant,Bakery,Uptown,2,3.75,7.5
2025-02-22,February,Espresso,Beverage,Suburban,2,3.25,6.5
2025-02-22,February,Espresso,Beverage,Suburban,1,3.25,3.25
2025-02-22,February,Croissant,Bakery,Uptown,3,3.75,11.25
2025-02-22,February,Muffin,Bakery,Downtown,2,3.25,6.5
2025-02-22,February,Muffin,Bakery,Downtown,2,3.25,6.5
2025-02-22,February,Cold Brew,Beverage,Downtown,2,4.0,8.0
2025-02-22,February,Bagel,Bakery,Downtown,1,2.95,2.95
2025-02-22,February,Cold Brew,Beverage,Suburban,3,4.0,12.0
2025-02-22,February,Muffin,Bakery,Suburban,1,3.25,3.25
2025-02-22,February,Muffin,Bakery,Uptown,2,3.25,6.5
2025-02-22,February,Espresso,Beverage,Suburban,3,3.25,9.75
2025-02-22,February,Cold Brew,Beverage,Uptown,2,4.0,8.0
2025-02-22,February,Espresso,Beverage,Suburban,2,3.25,6.5
2025-02-22,February,Bagel,Bakery,Uptown,3,2.95,8.85
2025-02-22,February,Bagel,Bakery,Uptown,2,2.95,5.9
2025-02-22,February,Croissant,Bakery,Suburban,3,3.75,11.25
2025-02-22,February,Espresso,Beverage,Uptown,1,3.25,3.25
2025-02-22,February,Croissant,Bakery,Uptown,3,3.75,11.25
2025-02-22,February,Croissant,Bakery,Uptown,3,3.75,11.25
2025-02-22,February,Cold Brew,Beverage,Uptown,2,4.0,8.0
2025-02-22,February,Bagel,Bakery,Uptown,3,2.95,8.85
2025-02-23,February,Croissant,Bakery,Uptown,1,3.75,3.75
2025-02-23,February,Latte,Beverage,Downtown,1,4.5,4.5
2025-02-23,February,Croissant,Bakery,Uptown,1,3.75,3.75
2025-02-23,February,Cold Brew,Beverage,Suburban,2,4.0,8.0
2025-02-23,February,Croissant,Bakery,Suburban,3,3.75,11.25
2025-02-23,February,Espresso,Beverage,Uptown,1,3.25,3.25
2025-02-23,February,Bagel,Bakery,Downtown,1,2.95,2.95
2025-02-23,February,Bagel,Bakery,Downtown,3,2.95,8.85
2025-02-23,February,Cold Brew,Beverage,Downtown,2,4.0,8.0
2025-02-23,February,Latte,Beverage,Uptown,2,4.5,9.0
2025-02-23,February,Latte,Beverage,Downtown,2,4.5,9.0
2025-02-23,February,Muffin,Bakery,Downtown,1,3.25,3.25
2025-02-23,February,Latte,Beverage,Suburban,3,4.5,13.5
2025-02-23,February,Croissant,Bakery,Suburban,1,3.75,3.75
2025-02-23,February,Cold Brew,Beverage,Uptown,3,4.0,12.0
2025-02-23,February,Bagel,Bakery,Downtown,3,2.95,8.85
2025-02-23,February,Muffin,Bakery,Uptown,1,3.25,3.25
2025-02-23,February,Latte,Beverage,Downtown,3,4.5,13.5
2025-02-23,February,Croissant,Bakery,Suburban,2,3.75,7.5
2025-02-23,February,Bagel,Bakery,Suburban,1,2.95,2.95
2025-02-23,February,Espresso,Beverage,Uptown,2,3.25,6.5
2025-02-24,February,Muffin,Bakery,Uptown,3,3.25,9.75
2025-02-24,February,Bagel,Bakery,Downtown,1,2.95,2.95
2025-02-24,February,Cold Brew,Beverage,Suburban,2,4.0,8.0
2025-02-24,February,Muffin,Bakery,Downtown,1,3.25,3.25
2025-02-24,February,Bagel,Bakery,Downtown,2,2.95,5.9
2025-02-24,February,Bagel,Bakery,Suburban,2,2.95,5.9
2025-02-24,February,Bagel,Bakery,Uptown,3,2.95,8.85
2025-02-24,February,Muffin,Bakery,Downtown,3,3.25,9.75
2025-02-24,February,Espresso,Beverage,Uptown,1,3.25,3.25
2025-02-24,February,Croissant,Bakery,Uptown,1,3.75,3.75
2025-02-24,February,Latte,Beverage,Uptown,2,4.5,9.0
2025-02-24,February,Croissant,Bakery,Uptown,2,3.75,7.5
2025-02-24,February,Muffin,Bakery,Suburban,3,3.25,9.75
2025-02-24,February,Cold Brew,Beverage,Downtown,2,4.0,8.0
2025-02-24,February,Croissant,Bakery,Uptown,1,3.75,3.75
2025-02-24,February,Latte,Beverage,Suburban,2,4.5,9.0
2025-02-24,February,Bagel,Bakery,Downtown,2,2.95,5.9
2025-02-24,February,Latte,Beverage,Suburban,1,4.5,4.5
2025-02-24,February,Bagel,Bakery,Downtown,2,2.95,5.9
2025-02-24,February,Espresso,Beverage,Downtown,3,3.25,9.75
2025-02-24,February,Espresso,Beverage,Downtown,1,3.25,3.25
2025-02-24,February,Croissant,Bakery,Downtown,3,3.75,11.25
2025-02-24,February,Muffin,Bakery,Downtown,1,3.25,3.25
2025-02-24,February,Espresso,Beverage,Uptown,3,3.25,9.75
2025-02-25,February,Espresso,Beverage,Suburban,1,3.25,3.25
2025-02-25,February,Espresso,Beverage,Uptown,1,3.25,3.25
2025-02-25,February,Croissant,Bakery,Uptown,1,3.75,3.75
2025-02-25,February,Muffin,Bakery,Uptown,2,3.25,6.5
2025-02-25,February,Espresso,Beverage,Suburban,2,3.25,6.5
2025-02-25,February,Croissant,Bakery,Downtown,3,3.75,11.25
2025-02-25,February,Espresso,Beverage,Downtown,2,3.25,6.5
2025-02-25,February,Croissant,Bakery,Uptown,3,3.75,11.25
2025-02-25,February,Croissant,Bakery,Downtown,3,3.75,11.25
2025-02-25,February,Bagel,Bakery,Suburban,1,2.95,2.95
2025-02-25,February,Croissant,Bakery,Suburban,1,3.75,3.75
2025-02-25,February,Latte,Beverage,Suburban,2,4.5,9.0
2025-02-25,February,Bagel,Bakery,Uptown,3,2.95,8.85
2025-02-25,February,Croissant,Bakery,Suburban,1,3.75,3.75
2025-02-25,February,Cold Brew,Beverage,Uptown,3,4.0,12.0
2025-02-25,February,Muffin,Bakery,Suburban,1,3.25,3.25
2025-02-25,February,Espresso,Beverage,Uptown,1,3.25,3.25
2025-02-25,February,Cold Brew,Beverage,Uptown,3,4.0,12.0
2025-02-25,February,Espresso,Beverage,Uptown,1,3.25,3.25
2025-02-25,February,Croissant,Bakery,Downtown,2,3.75,7.5
2025-02-25,February,Croissant,Bakery,Suburban,2,3.75,7.5
2025-02-25,February,Croissant,Bakery,Downtown,3,3.75,11.25
2025-02-25,February,Muffin,Bakery,Downtown,1,3.25,3.25
2025-02-25,February,Bagel,Bakery,Uptown,2,2.95,5.9
2025-02-25,February,Croissant,Bakery,Downtown,3,3.75,11.25
2025-02-25,February,Latte,Beverage,Suburban,1,4.5,4.5
2025-02-25,February,Latte,Beverage,Uptown,2,4.5,9.0
2025-02-26,February,Cold Brew,Beverage,Downtown,1,4.0,4.0
2025-02-26,February,Espresso,Beverage,Uptown,3,3.25,9.75
2025-02-26,February,Bagel,Bakery,Downtown,2,2.95,5.9
2025-02-26,February,Croissant,Bakery,Uptown,3,3.75,11.25
2025-02-26,February,Espresso,Beverage,Suburban,1,3.25,3.25
2025-02-26,February,Croissant,Bakery,Uptown,3,3.75,11.25
2025-02-26,February,Espresso,Beverage,Suburban,3,3.25,9.75
2025-02-26,February,Muffin,Bakery,Downtown,3,3.25,9.75
2025-02-26,February,Bagel,Bakery,Suburban,1,2.95,2.95
2025-02-26,February,Latte,Beverage,Suburban,2,4.5,9.0
2025-02-26,February,Espresso,Beverage,Suburban,1,3.25,3.25
2025-02-26,February,Espresso,Beverage,Suburban,2,3.25,6.5
2025-02-26,February,Croissant,Bakery,Uptown,2,3.75,7.5
2025-02-26,February,Croissant,Bakery,Uptown,2,3.75,7.5
2025-02-26,February,Espresso,Beverage,Suburban,2,3.25,6.5
2025-02-26,February,Muffin,Bakery,Suburban,1,3.25,3.25
2025-02-26,February,Muffin,Bakery,Suburban,1,3.25,3.25
2025-02-27,February,Cold Brew,Beverage,Uptown,3,4.0,12.0
2025-02-27,February,Croissant,Bakery,Suburban,1,3.75,3.75
2025-02-27,February,Bagel,Bakery,Suburban,1,2.95,2.95
2025-02-27,February,Espresso,Beverage,Suburban,2,3.25,6.5
2025-02-27,February,Latte,Beverage,Downtown,2,4.5,9.0
2025-02-27,February,Muffin,Bakery,Uptown,2,3.25,6.5
2025-02-27,February,Bagel,Bakery,Suburban,2,2.95,5.9
2025-02-27,February,Espresso,Beverage,Suburban,1,3.25,3.25
2025-02-27,February,Bagel,Bakery,Uptown,2,2.95,5.9
2025-02-27,February,Latte,Beverage,Suburban,3,4.5,13.5
2025-02-27,February,Latte,Beverage,Uptown,2,4.5,9.0
2025-02-27,February,Cold Brew,Beverage,Downtown,3,4.0,12.0
2025-02-27,February,Latte,Beverage,Suburban,1,4.5,4.5
2025-02-27,February,Croissant,Bakery,Uptown,3,3.75,11.25
2025-02-27,February,Espresso,Beverage,Downtown,2,3.25,6.5
2025-02-27,February,Muffin,Bakery,Suburban,3,3.25,9.75
2025-02-27,February,Cold Brew,Beverage,Downtown,1,4.0,4.0
2025-02-27,February,Cold Brew,Beverage,Suburban,2,4.0,8.0
2025-02-27,February,Muffin,Bakery,Downtown,1,3.25,3.25
2025-02-27,February,Croissant,Bakery,Downtown,2,3.75,7.5
2025-02-27,February,Bagel,Bakery,Uptown,3,2.95,8.85
2025-02-27,February,Latte,Beverage,Downtown,3,4.5,13.5
2025-02-28,February,Muffin,Bakery,Downtown,3,3.25,9.75
2025-02-28,February,Croissant,Bakery,Downtown,1,3.75,3.75
2025-02-28,February,Cold Brew,Beverage,Suburban,3,4.0,12.0
2025-02-28,February,Cold Brew,Beverage,Downtown,1,4.0,4.0
2025-02-28,February,Latte,Beverage,Downtown,1,4.5,4.5
2025-02-28,February,Muffin,Bakery,Downtown,1,3.25,3.25
2025-02-28,February,Croissant,Bakery,Uptown,1,3.75,3.75
2025-02-28,February,Espresso,Beverage,Uptown,1,3.25,3.25
2025-02-28,February,Muffin,Bakery,Uptown,2,3.25,6.5
2025-02-28,February,Croissant,Bakery,Downtown,1,3.75,3.75
2025-02-28,February,Cold Brew,Beverage,Suburban,1,4.0,4.0
2025-02-28,February,Croissant,Bakery,Uptown,1,3.75,3.75
2025-02-28,February,Latte,Beverage,Suburban,2,4.5,9.0
2025-02-28,February,Espresso,Beverage,Downtown,2,3.25,6.5
2025-02-28,February,Cold Brew,Beverage,Uptown,1,4.0,4.0
2025-02-28,February,Cold Brew,Beverage,Uptown,1,4.0,4.0
2025-02-28,February,Muffin,Bakery,Downtown,3,3.25,9.75
2025-02-28,February,Cold Brew,Beverage,Uptown,3,4.0,12.0
2025-02-28,February,Latte,Beverage,Downtown,2,4.5,9.0
2025-02-28,February,Espresso,Beverage,Uptown,2,3.25,6.5
2025-02-28,February,Muffin,Bakery,Suburban,2,3.25,6.5
2025-03-01,March,Muffin,Bakery,Downtown,1,3.25,3.25
2025-03-01,March,Muffin,Bakery,Suburban,3,3.25,9.75
2025-03-01,March,Latte,Beverage,Suburban,1,4.5,4.5
2025-03-01,March,Croissant,Bakery,Suburban,1,3.75,3.75
2025-03-01,March,Bagel,Bakery,Suburban,1,2.95,2.95
2025-03-01,March,Muffin,Bakery,Uptown,2,3.25,6.5
2025-03-01,March,Latte,Beverage,Suburban,3,4.5,13.5
2025-03-01,March,Bagel,Bakery,Downtown,3,2.95,8.85
2025-03-01,March,Cold Brew,Beverage,Suburban,2,4.0,8.0
2025-03-01,March,Croissant,Bakery,Downtown,2,3.75,7.5
2025-03-01,March,Muffin,Bakery,Downtown,2,3.25,6.5
2025-03-01,March,Bagel,Bakery,Downtown,1,2.95,2.95
2025-03-01,March,Espresso,Beverage,Downtown,2,3.25,6.5
2025-03-01,March,Bagel,Bakery,Downtown,2,2.95,5.9
2025-03-01,March,Espresso,Beverage,Downtown,2,3.25,6.5
2025-03-01,March,Bagel,Bakery,Uptown,1,2.95,2.95
2025-03-01,March,Espresso,Beverage,Downtown,1,3.25,3.25
2025-03-01,March,Espresso,Beverage,Suburban,3,3.25,9.75
2025-03-01,March,Bagel,Bakery,Suburban,1,2.95,2.95
2025-03-01,March,Croissant,Bakery,Downtown,1,3.75,3.75
2025-03-01,March,Croissant,Bakery,Downtown,2,3.75,7.5
2025-03-02,March,Muffin,Bakery,Suburban,2,3.25,6.5
2025-03-02,March,Bagel,Bakery,Downtown,3,2.95,8.85
2025-03-02,March,Bagel,Bakery,Suburban,2,2.95,5.9
2025-03-02,March,Bagel,Bakery,Uptown,1,2.95,2.95
2025-03-02,March,Espresso,Beverage,Uptown,1,3.25,3.25
2025-03-02,March,Bagel,Bakery,Uptown,3,2.95,8.85
2025-03-02,March,Latte,Beverage,Suburban,2,4.5,9.0
2025-03-02,March,Bagel,Bakery,Downtown,1,2.95,2.95
2025-03-02,March,Muffin,Bakery,Downtown,1,3.25,3.25
2025-03-02,March,Espresso,Beverage,Uptown,2,3.25,6.5
2025-03-02,March,Croissant,Bakery,Suburban,1,3.75,3.75
2025-03-02,March,Muffin,Bakery,Downtown,2,3.25,6.5
2025-03-02,March,Croissant,Bakery,Uptown,3,3.75,11.25
2025-03-02,March,Latte,Beverage,Uptown,2,4.5,9.0
2025-03-02,March,Cold Brew,Beverage,Downtown,2,4.0,8.0
2025-03-02,March,Muffin,Bakery,Uptown,2,3.25,6.5
2025-03-02,March,Croissant,Bakery,Downtown,2,3.75,7.5
2025-03-02,March,Bagel,Bakery,Uptown,1,2.95,2.95
2025-03-02,March,Latte,Beverage,Downtown,1,4.5,4.5
2025-03-02,March,Bagel,Bakery,Uptown,2,2.95,5.9
2025-03-02,March,Muffin,Bakery,Uptown,1,3.25,3.25
2025-03-02,March,Cold Brew,Beverage,Downtown,2,4.0,8.0
2025-03-02,March,Bagel,Bakery,Suburban,1,2.95,2.95
2025-03-02,March,Muffin,Bakery,Downtown,2,3.25,6.5
2025-03-02,March,Latte,Beverage,Suburban,3,4.5,13.5
2025-03-02,March,Bagel,Bakery,Uptown,1,2.95,2.95
2025-03-02,March,Espresso,Beverage,Uptown,3,3.25,9.75
2025-03-02,March,Muffin,Bakery,Suburban,3,3.25,9.75
2025-03-03,March,Cold Brew,Beverage,Downtown,2,4.0,8.0
2025-03-03,March,Espresso,Beverage,Suburban,2,3.25,6.5
2025-03-03,March,Croissant,Bakery,Downtown,3,3.75,11.25
2025-03-03,March,Cold Brew,Beverage,Uptown,2,4.0,8.0
2025-03-03,March,Espresso,Beverage,Suburban,1,3.25,3.25
2025-03-03,March,Croissant,Bakery,Downtown,1,3.75,3.75
2025-03-03,March,Espresso,Beverage,Downtown,3,3.25,9.75
2025-03-03,March,Muffin,Bakery,Uptown,1,3.25,3.25
2025-03-03,March,Latte,Beverage,Downtown,3,4.5,13.5
2025-03-03,March,Cold Brew,Beverage,Downtown,1,4.0,4.0
2025-03-03,March,Latte,Beverage,Uptown,3,4.5,13.5
2025-03-03,March,Cold Brew,Beverage,Suburban,2,4.0,8.0
2025-03-03,March,Cold Brew,Beverage,Downtown,2,4.0,8.0
2025-03-03,March,Latte,Beverage,Uptown,1,4.5,4.5
2025-03-03,March,Espresso,Beverage,Downtown,1,3.25,3.25
2025-03-03,March,Latte,Beverage,Uptown,3,4.5,13.5
2025-03-03,March,Bagel,Bakery,Suburban,2,2.95,5.9
2025-03-03,March,Espresso,Beverage,Suburban,2,3.25,6.5
2025-03-03,March,Croissant,Bakery,Downtown,3,3.75,11.25
2025-03-03,March,Espresso,Beverage,Downtown,3,3.25,9.75
2025-03-03,March,Muffin,Bakery,Suburban,3,3.25,9.75
2025-03-03,March,Cold Brew,Beverage,Downtown,3,4.0,12.0
2025-03-04,March,Espresso,Beverage,Suburban,3,3.25,9.75
2025-03-04,March,Muffin,Bakery,Downtown,3,3.25,9.75
2025-03-04,March,Espresso,Beverage,Uptown,3,3.25,9.75
2025-03-04,March,Espresso,Beverage,Suburban,3,3.25,9.75
2025-03-04,March,Cold Brew,Beverage,Downtown,3,4.0,12.0
2025-03-04,March,Espresso,Beverage,Uptown,1,3.25,3.25
2025-03-04,March,Espresso,Beverage,Suburban,1,3.25,3.25
2025-03-04,March,Muffin,Bakery,Suburban,3,3.25,9.75
2025-03-04,March,Muffin,Bakery,Uptown,2,3.25,6.5
2025-03-04,March,Bagel,Bakery,Downtown,2,2.95,5.9
2025-03-04,March,Muffin,Bakery,Suburban,1,3.25,3.25
2025-03-04,March,Cold Brew,Beverage,Downtown,3,4.0,12.0
2025-03-04,March,Croissant,Bakery,Uptown,2,3.75,7.5
2025-03-04,March,Latte,Beverage,Uptown,3,4.5,13.5
2025-03-04,March,Bagel,Bakery,Downtown,2,2.95,5.9
2025-03-04,March,Bagel,Bakery,Downtown,1,2.95,2.95
2025-03-04,March,Bagel,Bakery,Suburban,3,2.95,8.85
2025-03-04,March,Cold Brew,Beverage,Downtown,3,4.0,12.0
2025-03-04,March,Muffin,Bakery,Downtown,2,3.25,6.5
2025-03-04,March,Cold Brew,Beverage,Downtown,2,4.0,8.0
2025-03-04,March,Cold Brew,Beverage,Downtown,2,4.0,8.0
2025-03-05,March,Muffin,Bakery,Uptown,2,3.25,6.5
2025-03-05,March,Croissant,Bakery,Uptown,2,3.75,7.5
2025-03-05,March,Cold Brew,Beverage,Suburban,3,4.0,12.0
2025-03-05,March,Latte,Beverage,Suburban,3,4.5,13.5
2025-03-05,March,Espresso,Beverage,Uptown,3,3.25,9.75
2025-03-05,March,Bagel,Bakery,Suburban,2,2.95,5.9
2025-03-05,March,Espresso,Beverage,Suburban,1,3.25,3.25
2025-03-05,March,Croissant,Bakery,Downtown,2,3.75,7.5
2025-03-05,March,Latte,Beverage,Downtown,3,4.5,13.5
2025-03-05,March,Croissant,Bakery,Downtown,1,3.75,3.75
2025-03-05,March,Espresso,Beverage,Suburban,3,3.25,9.75
2025-03-05,March,Espresso,Beverage,Uptown,2,3.25,6.5
2025-03-05,March,Cold Brew,Beverage,Downtown,3,4.0,12.0
2025-03-05,March,Espresso,Beverage,Uptown,2,3.25,6.5
2025-03-05,March,Latte,Beverage,Downtown,3,4.5,13.5
2025-03-05,March,Espresso,Beverage,Uptown,2,3.25,6.5
2025-03-05,March,Latte,Beverage,Downtown,1,4.5,4.5
2025-03-06,March,Cold Brew,Beverage,Uptown,1,4.0,4.0
2025-03-06,March,Bagel,Bakery,Suburban,1,2.95,2.95
2025-03-06,March,Latte,Beverage,Downtown,1,4.5,4.5
2025-03-06,March,Latte,Beverage,Uptown,1,4.5,4.5
2025-03-06,March,Cold Brew,Beverage,Uptown,3,4.0,12.0
2025-03-06,March,Cold Brew,Beverage,Downtown,2,4.0,8.0
2025-03-06,March,Muffin,Bakery,Suburban,1,3.25,3.25
2025-03-06,March,Bagel,Bakery,Uptown,3,2.95,8.85
2025-03-06,March,Latte,Beverage,Downtown,3,4.5,13.5
2025-03-06,March,Cold Brew,Beverage,Suburban,3,4.0,12.0
2025-03-06,March,Bagel,Bakery,Suburban,1,2.95,2.95
2025-03-06,March,Espresso,Beverage,Suburban,2,3.25,6.5
2025-03-06,March,Croissant,Bakery,Uptown,3,3.75,11.25
2025-03-06,March,Latte,Beverage,Uptown,1,4.5,4.5
2025-03-06,March,Muffin,Bakery,Suburban,2,3.25,6.5
2025-03-06,March,Cold Brew,Beverage,Downtown,1,4.0,4.0
2025-03-06,March,Croissant,Bakery,Suburban,3,3.75,11.25
2025-03-06,March,Latte,Beverage,Suburban,2,4.5,9.0
2025-03-06,March,Croissant,Bakery,Uptown,1,3.75,3.75
2025-03-06,March,Espresso,Beverage,Uptown,1,3.25,3.25
2025-03-06,March,Espresso,Beverage,Uptown,2,3.25,6.5
2025-03-06,March,Croissant,Bakery,Downtown,2,3.75,7.5
2025-03-06,March,Muffin,Bakery,Suburban,3,3.25,9.75
2025-03-06,March,Muffin,Bakery,Suburban,2,3.25,6.5
2025-03-07,March,Espresso,Beverage,Downtown,3,3.25,9.75
2025-03-07,March,Bagel,Bakery,Suburban,2,2.95,5.9
2025-03-07,March,Croissant,Bakery,Downtown,2,3.75,7.5
2025-03-07,March,Bagel,Bakery,Uptown,1,2.95,2.95
2025-03-07,March,Cold Brew,Beverage,Downtown,2,4.0,8.0
2025-03-07,March,Croissant,Bakery,Downtown,2,3.75,7.5
2025-03-07,March,Latte,Beverage,Downtown,3,4.5,13.5
2025-03-07,March,Latte,Beverage,Downtown,2,4.5,9.0
2025-03-07,March,Cold Brew,Beverage,Uptown,1,4.0,4.0
2025-03-07,March,Muffin,Bakery,Suburban,2,3.25,6.5
2025-03-07,March,Muffin,Bakery,Uptown,1,3.25,3.25
2025-03-07,March,Latte,Beverage,Downtown,2,4.5,9.0
2025-03-07,March,Bagel,Bakery,Uptown,1,2.95,2.95
2025-03-07,March,Espresso,Beverage,Suburban,3,3.25,9.75
2025-03-07,March,Muffin,Bakery,Downtown,2,3.25,6.5
2025-03-07,March,Muffin,Bakery,Suburban,2,3.25,6.5
2025-03-07,March,Muffin,Bakery,Suburban,2,3.25,6.5
2025-03-07,March,Muffin,Bakery,Downtown,2,3.25,6.5
2025-03-07,March,Espresso,Beverage,Uptown,2,3.25,6.5
2025-03-07,March,Espresso,Beverage,Suburban,1,3.25,3.25
2025-03-07,March,Muffin,Bakery,Uptown,1,3.25,3.25
2025-03-07,March,Espresso,Beverage,Suburban,3,3.25,9.75
2025-03-08,March,Croissant,Bakery,Suburban,2,3.75,7.5
2025-03-08,March,Croissant,Bakery,Suburban,2,3.75,7.5
2025-03-08,March,Croissant,Bakery,Uptown,3,3.75,11.25
2025-03-08,March,Bagel,Bakery,Downtown,1,2.95,2.95
2025-03-08,March,Espresso,Beverage,Suburban,2,3.25,6.5
2025-03-08,March,Latte,Beverage,Suburban,1,4.5,4.5
2025-03-08,March,Muffin,Bakery,Uptown,2,3.25,6.5
2025-03-08,March,Cold Brew,Beverage,Downtown,1,4.0,4.0
2025-03-08,March,Bagel,Bakery,Suburban,2,2.95,5.9
2025-03-08,March,Muffin,Bakery,Downtown,1,3.25,3.25
2025-03-08,March,Muffin,Bakery,Uptown,1,3.25,3.25
2025-03-08,March,Bagel,Bakery,Suburban,3,2.95,8.85
2025-03-08,March,Espresso,Beverage,Downtown,1,3.25,3.25
2025-03-08,March,Latte,Beverage,Suburban,1,4.5,4.5
2025-03-08,March,Espresso,Beverage,Uptown,3,3.25,9.75
2025-03-08,March,Croissant,Bakery,Downtown,1,3.75,3.75
2025-03-08,March,Croissant,Bakery,Suburban,1,3.75,3.75
2025-03-08,March,Espresso,Beverage,Suburban,1,3.25,3.25
2025-03-08,March,Croissant,Bakery,Suburban,1,3.75,3.75
2025-03-08,March,Espresso,Beverage,Suburban,3,3.25,9.75
2025-03-08,March,Bagel,Bakery,Downtown,3,2.95,8.85
2025-03-08,March,Muffin,Bakery,Uptown,1,3.25,3.25
2025-03-08,March,Latte,Beverage,Suburban,2,4.5,9.0
2025-03-08,March,Cold Brew,Beverage,Downtown,1,4.0,4.0
2025-03-08,March,Muffin,Bakery,Uptown,2,3.25,6.5
2025-03-08,March,Cold Brew,Beverage,Uptown,1,4.0,4.0
2025-03-08,March,Croissant,Bakery,Uptown,3,3.75,11.25
2025-03-08,March,Bagel,Bakery,Downtown,3,2.95,8.85
2025-03-09,March,Cold Brew,Beverage,Downtown,1,4.0,4.0
2025-03-09,March,Muffin,Bakery,Downtown,2,3.25,6.5
2025-03-09,March,Latte,Beverage,Downtown,1,4.5,4.5
2025-03-09,March,Espresso,Beverage,Suburban,3,3.25,9.75
2025-03-09,March,Cold Brew,Beverage,Suburban,2,4.0,8.0
2025-03-09,March,Bagel,Bakery,Suburban,1,2.95,2.95
2025-03-09,March,Espresso,Beverage,Uptown,1,3.25,3.25
2025-03-09,March,Muffin,Bakery,Downtown,1,3.25,3.25
2025-03-09,March,Latte,Beverage,Suburban,2,4.5,9.0
2025-03-09,March,Latte,Beverage,Downtown,1,4.5,4.5
2025-03-09,March,Latte,Beverage,Uptown,1,4.5,4.5
2025-03-09,March,Cold Brew,Beverage,Suburban,2,4.0,8.0
2025-03-09,March,Croissant,Bakery,Uptown,1,3.75,3.75
2025-03-09,March,Latte,Beverage,Downtown,3,4.5,13.5
2025-03-09,March,Espresso,Beverage,Uptown,3,3.25,9.75
2025-03-09,March,Espresso,Beverage,Downtown,3,3.25,9.75
2025-03-09,March,Bagel,Bakery,Uptown,3,2.95,8.85
2025-03-09,March,Croissant,Bakery,Uptown,2,3.75,7.5
2025-03-09,March,Espresso,Beverage,Downtown,1,3.25,3.25
2025-03-09,March,Muffin,Bakery,Uptown,1,3.25,3.25
2025-03-10,March,Bagel,Bakery,Downtown,1,2.95,2.95
2025-03-10,March,Muffin,Bakery,Downtown,1,3.25,3.25
2025-03-10,March,Bagel,Bakery,Suburban,3,2.95,8.85
2025-03-10,March,Bagel,Bakery,Downtown,1,2.95,2.95
2025-03-10,March,Latte,Beverage,Suburban,1,4.5,4.5
2025-03-10,March,Espresso,Beverage,Suburban,2,3.25,6.5
2025-03-10,March,Muffin,Bakery,Uptown,1,3.25,3.25
2025-03-10,March,Croissant,Bakery,Uptown,3,3.75,11.25
2025-03-10,March,Latte,Beverage,Suburban,3,4.5,13.5
2025-03-10,March,Cold Brew,Beverage,Uptown,1,4.0,4.0
2025-03-10,March,Bagel,Bakery,Uptown,3,2.95,8.85
2025-03-10,March,Espresso,Beverage,Suburban,2,3.25,6.5
2025-03-10,March,Bagel,Bakery,Downtown,1,2.95,2.95
2025-03-10,March,Cold Brew,Beverage,Suburban,1,4.0,4.0
2025-03-10,March,Espresso,Beverage,Suburban,2,3.25,6.5
2025-03-10,March,Muffin,Bakery,Downtown,3,3.25,9.75
2025-03-10,March,Muffin,Bakery,Downtown,2,3.25,6.5
2025-03-10,March,Cold Brew,Beverage,Uptown,2,4.0,8.0
2025-03-10,March,Latte,Beverage,Uptown,2,4.5,9.0
2025-03-10,March,Latte,Beverage,Downtown,3,4.5,13.5
2025-03-10,March,Muffin,Bakery,Suburban,1,3.25,3.25
2025-03-10,March,Cold Brew,Beverage,Downtown,1,4.0,4.0
2025-03-10,March,Muffin,Bakery,Downtown,3,3.25,9.75
2025-03-10,March,Croissant,Bakery,Downtown,2,3.75,7.5
2025-03-10,March,Cold Brew,Beverage,Suburban,3,4.0,12.0
2025-03-11,March,Espresso,Beverage,Uptown,1,3.25,3.25
2025-03-11,March,Espresso,Beverage,Downtown,2,3.25,6.5
2025-03-11,March,Espresso,Beverage,Downtown,1,3.25,3.25
2025-03-11,March,Muffin,Bakery,Suburban,1,3.25,3.25
2025-03-11,March,Latte,Beverage,Uptown,1,4.5,4.5
2025-03-11,March,Muffin,Bakery,Downtown,1,3.25,3.25
2025-03-11,March,Bagel,Bakery,Uptown,2,2.95,5.9
2025-03-11,March,Muffin,Bakery,Uptown,3,3.25,9.75
2025-03-11,March,Croissant,Bakery,Downtown,1,3.75,3.75
2025-03-11,March,Croissant,Bakery,Suburban,1,3.75,3.75
2025-03-11,March,Bagel,Bakery,Uptown,1,2.95,2.95
2025-03-11,March,Latte,Beverage,Downtown,2,4.5,9.0
2025-03-11,March,Cold Brew,Beverage,Uptown,2,4.0,8.0
2025-03-11,March,Croissant,Bakery,Suburban,1,3.75,3.75
2025-03-11,March,Muffin,Bakery,Uptown,3,3.25,9.75
2025-03-11,March,Bagel,Bakery,Suburban,2,2.95,5.9
2025-03-11,March,Latte,Beverage,Uptown,1,4.5,4.5
2025-03-11,March,Croissant,Bakery,Downtown,3,3.75,11.25
2025-03-11,March,Bagel,Bakery,Uptown,1,2.95,2.95
2025-03-11,March,Bagel,Bakery,Suburban,2,2.95,5.9
2025-03-11,March,Bagel,Bakery,Uptown,3,2.95,8.85
2025-03-11,March,Cold Brew,Beverage,Uptown,1,4.0,4.0
2025-03-11,March,Bagel,Bakery,Uptown,2,2.95,5.9
2025-03-11,March,Espresso,Beverage,Downtown,2,3.25,6.5
2025-03-11,March,Bagel,Bakery,Downtown,2,2.95,5.9
2025-03-11,March,Espresso,Beverage,Suburban,3,3.25,9.75
2025-03-11,March,Muffin,Bakery,Downtown,1,3.25,3.25
2025-03-12,March,Muffin,Bakery,Suburban,3,3.25,9.75
2025-03-12,March,Espresso,Beverage,Suburban,1,3.25,3.25
2025-03-12,March,Bagel,Bakery,Downtown,3,2.95,8.85
2025-03-12,March,Espresso,Beverage,Suburban,1,3.25,3.25
2025-03-12,March,Bagel,Bakery,Downtown,2,2.95,5.9
2025-03-12,March,Muffin,Bakery,Suburban,1,3.25,3.25
2025-03-12,March,Bagel,Bakery,Suburban,3,2.95,8.85
2025-03-12,March,Croissant,Bakery,Downtown,2,3.75,7.5
2025-03-12,March,Bagel,Bakery,Downtown,3,2.95,8.85
2025-03-12,March,Bagel,Bakery,Uptown,1,2.95,2.95
2025-03-12,March,Latte,Beverage,Uptown,2,4.5,9.0
2025-03-12,March,Cold Brew,Beverage,Suburban,3,4.0,12.0
2025-03-12,March,Cold Brew,Beverage,Uptown,3,4.0,12.0
2025-03-12,March,Espresso,Beverage,Downtown,1,3.25,3.25
2025-03-12,March,Muffin,Bakery,Uptown,2,3.25,6.5
2025-03-12,March,Cold Brew,Beverage,Uptown,3,4.0,12.0
2025-03-12,March,Espresso,Beverage,Uptown,1,3.25,3.25
2025-03-13,March,Bagel,Bakery,Suburban,2,2.95,5.9
2025-03-13,March,Croissant,Bakery,Uptown,2,3.75,7.5
2025-03-13,March,Croissant,Bakery,Downtown,3,3.75,11.25
2025-03-13,March,Croissant,Bakery,Suburban,1,3.75,3.75
2025-03-13,March,Muffin,Bakery,Suburban,2,3.25,6.5
2025-03-13,March,Croissant,Bakery,Uptown,1,3.75,3.75
2025-03-13,March,Muffin,Bakery,Downtown,1,3.25,3.25
2025-03-13,March,Latte,Beverage,Uptown,3,4.5,13.5
2025-03-13,March,Bagel,Bakery,Uptown,3,2.95,8.85
2025-03-13,March,Muffin,Bakery,Downtown,1,3.25,3.25
2025-03-13,March,Cold Brew,Beverage,Downtown,2,4.0,8.0
2025-03-13,March,Latte,Beverage,Suburban,1,4.5,4.5
2025-03-13,March,Bagel,Bakery,Uptown,3,2.95,8.85
2025-03-13,March,Croissant,Bakery,Uptown,3,3.75,11.25
2025-03-13,March,Latte,Beverage,Suburban,2,4.5,9.0
2025-03-13,March,Cold Brew,Beverage,Suburban,3,4.0,12.0
2025-03-13,March,Espresso,Beverage,Uptown,3,3.25,9.75
2025-03-13,March,Croissant,Bakery,Uptown,1,3.75,3.75
2025-03-13,March,Latte,Beverage,Suburban,1,4.5,4.5
2025-03-13,March,Espresso,Beverage,Downtown,2,3.25,6.5
2025-03-13,March,Espresso,Beverage,Suburban,2,3.25,6.5
2025-03-14,March,Cold Brew,Beverage,Suburban,2,4.0,8.0
2025-03-14,March,Latte,Beverage,Downtown,3,4.5,13.5
2025-03-14,March,Latte,Beverage,Downtown,2,4.5,9.0
2025-03-14,March,Muffin,Bakery,Uptown,3,3.25,9.75
2025-03-14,March,Bagel,Bakery,Suburban,3,2.95,8.85
2025-03-14,March,Muffin,Bakery,Downtown,2,3.25,6.5
2025-03-14,March,Bagel,Bakery,Suburban,2,2.95,5.9
2025-03-14,March,Bagel,Bakery,Uptown,1,2.95,2.95
2025-03-14,March,Latte,Beverage,Suburban,1,4.5,4.5
2025-03-14,March,Bagel,Bakery,Suburban,3,2.95,8.85
2025-03-14,March,Croissant,Bakery,Suburban,2,3.75,7.5
2025-03-14,March,Croissant,Bakery,Downtown,2,3.75,7.5
2025-03-14,March,Muffin,Bakery,Suburban,3,3.25,9.75
2025-03-14,March,Cold Brew,Beverage,Downtown,1,4.0,4.0
2025-03-14,March,Croissant,Bakery,Suburban,3,3.75,11.25
2025-03-14,March,Bagel,Bakery,Suburban,2,2.95,5.9
2025-03-14,March,Muffin,Bakery,Suburban,1,3.25,3.25
2025-03-14,March,Espresso,Beverage,Suburban,2,3.25,6.5
2025-03-14,March,Croissant,Bakery,Downtown,3,3.75,11.25
2025-03-14,March,Croissant,Bakery,Uptown,3,3.75,11.25
2025-03-14,March,Bagel,Bakery,Suburban,2,2.95,5.9
2025-03-14,March,Cold Brew,Beverage,Downtown,3,4.0,12.0
2025-03-14,March,Latte,Beverage,Suburban,1,4.5,4.5
2025-03-14,March,Latte,Beverage,Suburban,1,4.5,4.5
2025-03-14,March,Cold Brew,Beverage,Downtown,1,4.0,4.0
2025-03-14,March,Latte,Beverage,Uptown,3,4.5,13.5
2025-03-14,March,Bagel,Bakery,Uptown,1,2.95,2.95
2025-03-14,March,Espresso,Beverage,Uptown,2,3.25,6.5
2025-03-14,March,Muffin,Bakery,Suburban,2,3.25,6.5
2025-03-15,March,Latte,Beverage,Uptown,3,4.5,13.5
2025-03-15,March,Espresso,Beverage,Suburban,3,3.25,9.75
2025-03-15,March,Espresso,Beverage,Suburban,3,3.25,9.75
2025-03-15,March,Muffin,Bakery,Uptown,1,3.25,3.25
2025-03-15,March,Croissant,Bakery,Uptown,2,3.75,7.5
2025-03-15,March,Croissant,Bakery,Suburban,2,3.75,7.5
2025-03-15,March,Croissant,Bakery,Downtown,1,3.75,3.75
2025-03-15,March,Bagel,Bakery,Uptown,3,2.95,8.85
2025-03-15,March,Latte,Beverage,Downtown,3,4.5,13.5
2025-03-15,March,Cold Brew,Beverage,Downtown,1,4.0,4.0
2025-03-15,March,Muffin,Bakery,Downtown,2,3.25,6.5
2025-03-15,March,Croissant,Bakery,Uptown,1,3.75,3.75
2025-03-15,March,Croissant,Bakery,Suburban,2,3.75,7.5
2025-03-15,March,Latte,Beverage,Uptown,1,4.5,4.5
2025-03-15,March,Bagel,Bakery,Downtown,2,2.95,5.9
2025-03-15,March,Bagel,Bakery,Downtown,2,2.95,5.9
2025-03-15,March,Croissant,Bakery,Suburban,1,3.75,3.75
2025-03-15,March,Latte,Beverage,Uptown,2,4.5,9.0
2025-03-15,March,Latte,Beverage,Downtown,2,4.5,9.0
2025-03-15,March,Croissant,Bakery,Suburban,3,3.75,11.25
2025-03-15,March,Latte,Beverage,Uptown,1,4.5,4.5
2025-03-15,March,Muffin,Bakery,Downtown,3,3.25,9.75
2025-03-15,March,Latte,Beverage,Downtown,1,4.5,4.5
2025-03-15,March,Cold Brew,Beverage,Downtown,3,4.0,12.0
2025-03-16,March,Croissant,Bakery,Suburban,2,3.75,7.5
2025-03-16,March,Espresso,Beverage,Downtown,3,3.25,9.75
2025-03-16,March,Croissant,Bakery,Uptown,3,3.75,11.25
2025-03-16,March,Latte,Beverage,Uptown,2,4.5,9.0
2025-03-16,March,Espresso,Beverage,Downtown,3,3.25,9.75
2025-03-16,March,Cold Brew,Beverage,Downtown,2,4.0,8.0
2025-03-16,March,Bagel,Bakery,Downtown,2,2.95,5.9
2025-03-16,March,Croissant,Bakery,Uptown,2,3.75,7.5
2025-03-16,March,Muffin,Bakery,Suburban,2,3.25,6.5
2025-03-16,March,Cold Brew,Beverage,Downtown,2,4.0,8.0
2025-03-16,March,Croissant,Bakery,Suburban,1,3.75,3.75
2025-03-16,March,Muffin,Bakery,Suburban,3,3.25,9.75
2025-03-16,March,Espresso,Beverage,Suburban,1,3.25,3.25
2025-03-16,March,Cold Brew,Beverage,Downtown,1,4.0,4.0
2025-03-16,March,Bagel,Bakery,Downtown,2,2.95,5.9
2025-03-16,March,Muffin,Bakery,Uptown,1,3.25,3.25
2025-03-16,March,Espresso,Beverage,Uptown,2,3.25,6.5
2025-03-16,March,Bagel,Bakery,Downtown,2,2.95,5.9
2025-03-16,March,Espresso,Beverage,Uptown,1,3.25,3.25
2025-03-16,March,Espresso,Beverage,Suburban,2,3.25,6.5
2025-03-16,March,Muffin,Bakery,Suburban,2,3.25,6.5
2025-03-16,March,Muffin,Bakery,Suburban,2,3.25,6.5
2025-03-16,March,Espresso,Beverage,Downtown,3,3.25,9.75
2025-03-16,March,Muffin,Bakery,Uptown,3,3.25,9.75
2025-03-16,March,Espresso,Beverage,Uptown,2,3.25,6.5
2025-03-16,March,Bagel,Bakery,Uptown,3,2.95,8.85
2025-03-16,March,Bagel,Bakery,Uptown,2,2.95,5.9
2025-03-17,March,Muffin,Bakery,Uptown,2,3.25,6.5
2025-03-17,March,Muffin,Bakery,Uptown,3,3.25,9.75
2025-03-17,March,Espresso,Beverage,Downtown,1,3.25,3.25
2025-03-17,March,Cold Brew,Beverage,Suburban,2,4.0,8.0
2025-03-17,March,Latte,Beverage,Uptown,3,4.5,13.5
2025-03-17,March,Espresso,Beverage,Downtown,2,3.25,6.5
2025-03-17,March,Bagel,Bakery,Suburban,3,2.95,8.85
2025-03-17,March,Croissant,Bakery,Downtown,2,3.75,7.5
2025-03-17,March,Muffin,Bakery,Downtown,1,3.25,3.25
2025-03-17,March,Espresso,Beverage,Downtown,2,3.25,6.5
2025-03-17,March,Latte,Beverage,Suburban,2,4.5,9.0
2025-03-17,March,Croissant,Bakery,Suburban,3,3.75,11.25
2025-03-17,March,Bagel,Bakery,Suburban,2,2.95,5.9
2025-03-17,March,Bagel,Bakery,Uptown,3,2.95,8.85
2025-03-17,March,Latte,Beverage,Suburban,2,4.5,9.0
2025-03-17,March,Bagel,Bakery,Downtown,2,2.95,5.9
2025-03-17,March,Cold Brew,Beverage,Uptown,3,4.0,12.0
2025-03-17,March,Cold Brew,Beverage,Downtown,2,4.0,8.0
2025-03-17,March,Latte,Beverage,Downtown,3,4.5,13.5
2025-03-17,March,Bagel,Bakery,Uptown,1,2.95,2.95
2025-03-17,March,Cold Brew,Beverage,Suburban,3,4.0,12.0
2025-03-17,March,Croissant,Bakery,Suburban,2,3.75,7.5
2025-03-17,March,Croissant,Bakery,Uptown,1,3.75,3.75
2025-03-17,March,Latte,Beverage,Uptown,2,4.5,9.0
2025-03-17,March,Latte,Beverage,Suburban,1,4.5,4.5
2025-03-17,March,Cold Brew,Beverage,Suburban,1,4.0,4.0
2025-03-17,March,Muffin,Bakery,Suburban,3,3.25,9.75
2025-03-18,March,Croissant,Bakery,Suburban,1,3.75,3.75
2025-03-18,March,Latte,Beverage,Suburban,1,4.5,4.5
2025-03-18,March,Bagel,Bakery,Suburban,2,2.95,5.9
2025-03-18,March,Bagel,Bakery,Downtown,3,2.95,8.85
2025-03-18,March,Croissant,Bakery,Suburban,1,3.75,3.75
2025-03-18,March,Espresso,Beverage,Downtown,3,3.25,9.75
2025-03-18,March,Cold Brew,Beverage,Suburban,1,4.0,4.0
2025-03-18,March,Cold Brew,Beverage,Downtown,3,4.0,12.0
2025-03-18,March,Cold Brew,Beverage,Suburban,3,4.0,12.0
2025-03-18,March,Latte,Beverage,Uptown,2,4.5,9.0
2025-03-18,March,Croissant,Bakery,Downtown,2,3.75,7.5
2025-03-18,March,Muffin,Bakery,Downtown,1,3.25,3.25
2025-03-18,March,Bagel,Bakery,Uptown,3,2.95,8.85
2025-03-18,March,Bagel,Bakery,Uptown,2,2.95,5.9
2025-03-18,March,Latte,Beverage,Uptown,1,4.5,4.5
2025-03-18,March,Croissant,Bakery,Uptown,3,3.75,11.25
2025-03-18,March,Bagel,Bakery,Downtown,2,2.95,5.9
2025-03-18,March,Muffin,Bakery,Uptown,2,3.25,6.5
2025-03-18,March,Cold Brew,Beverage,Uptown,1,4.0,4.0
2025-03-18,March,Croissant,Bakery,Downtown,2,3.75,7.5
2025-03-18,March,Cold Brew,Beverage,Uptown,2,4.0,8.0
2025-03-18,March,Latte,Beverage,Downtown,2,4.5,9.0
2025-03-18,March,Croissant,Bakery,Uptown,1,3.75,3.75
2025-03-18,March,Muffin,Bakery,Suburban,3,3.25,9.75
2025-03-18,March,Muffin,Bakery,Uptown,1,3.25,3.25
2025-03-18,March,Croissant,Bakery,Uptown,3,3.75,11.25
2025-03-18,March,Bagel,Bakery,Downtown,1,2.95,2.95
2025-03-18,March,Espresso,Beverage,Uptown,2,3.25,6.5
2025-03-18,March,Latte,Beverage,Suburban,3,4.5,13.5
2025-03-19,March,Latte,Beverage,Suburban,3,4.5,13.5
2025-03-19,March,Latte,Beverage,Uptown,1,4.5,4.5
2025-03-19,March,Croissant,Bakery,Suburban,1,3.75,3.75
2025-03-19,March,Cold Brew,Beverage,Downtown,2,4.0,8.0
2025-03-19,March,Bagel,Bakery,Suburban,1,2.95,2.95
2025-03-19,March,Cold Brew,Beverage,Downtown,3,4.0,12.0
2025-03-19,March,Espresso,Beverage,Suburban,3,3.25,9.75
2025-03-19,March,Croissant,Bakery,Suburban,1,3.75,3.75
2025-03-19,March,Cold Brew,Beverage,Suburban,3,4.0,12.0
2025-03-19,March,Bagel,Bakery,Suburban,3,2.95,8.85
2025-03-19,March,Croissant,Bakery,Uptown,1,3.75,3.75
2025-03-19,March,Muffin,Bakery,Uptown,3,3.25,9.75
2025-03-19,March,Muffin,Bakery,Uptown,1,3.25,3.25
2025-03-19,March,Croissant,Bakery,Downtown,3,3.75,11.25
2025-03-19,March,Latte,Beverage,Downtown,2,4.5,9.0
2025-03-19,March,Croissant,Bakery,Suburban,2,3.75,7.5
2025-03-19,March,Bagel,Bakery,Downtown,1,2.95,2.95
2025-03-19,March,Latte,Beverage,Suburban,1,4.5,4.5
2025-03-19,March,Espresso,Beverage,Suburban,1,3.25,3.25
2025-03-19,March,Bagel,Bakery,Downtown,1,2.95,2.95
2025-03-20,March,Croissant,Bakery,Uptown,3,3.75,11.25
2025-03-20,March,Espresso,Beverage,Uptown,2,3.25,6.5
2025-03-20,March,Croissant,Bakery,Suburban,2,3.75,7.5
2025-03-20,March,Muffin,Bakery,Uptown,1,3.25,3.25
2025-03-20,March,Muffin,Bakery,Uptown,2,3.25,6.5
2025-03-20,March,Latte,Beverage,Suburban,1,4.5,4.5
2025-03-20,March,Bagel,Bakery,Downtown,3,2.95,8.85
2025-03-20,March,Espresso,Beverage,Uptown,1,3.25,3.25
2025-03-20,March,Croissant,Bakery,Suburban,3,3.75,11.25
2025-03-20,March,Espresso,Beverage,Downtown,3,3.25,9.75
2025-03-20,March,Latte,Beverage,Downtown,2,4.5,9.0
2025-03-20,March,Cold Brew,Beverage,Downtown,2,4.0,8.0
2025-03-20,March,Croissant,Bakery,Suburban,2,3.75,7.5
2025-03-20,March,Latte,Beverage,Uptown,1,4.5,4.5
2025-03-20,March,Latte,Beverage,Downtown,3,4.5,13.5
2025-03-20,March,Croissant,Bakery,Downtown,3,3.75,11.25
2025-03-20,March,Latte,Beverage,Uptown,3,4.5,13.5
2025-03-20,March,Latte,Beverage,Suburban,1,4.5,4.5
2025-03-20,March,Bagel,Bakery,Uptown,2,2.95,5.9
2025-03-20,March,Muffin,Bakery,Downtown,1,3.25,3.25
2025-03-20,March,Muffin,Bakery,Suburban,1,3.25,3.25
2025-03-20,March,Cold Brew,Beverage,Downtown,3,4.0,12.0
2025-03-21,March,Latte,Beverage,Suburban,1,4.5,4.5
2025-03-21,March,Croissant,Bakery,Downtown,3,3.75,11.25
2025-03-21,March,Espresso,Beverage,Suburban,2,3.25,6.5
2025-03-21,March,Cold Brew,Beverage,Suburban,3,4.0,12.0
2025-03-21,March,Bagel,Bakery,Suburban,2,2.95,5.9
2025-03-21,March,Croissant,Bakery,Uptown,3,3.75,11.25
2025-03-21,March,Croissant,Bakery,Uptown,2,3.75,7.5
2025-03-21,March,Muffin,Bakery,Uptown,3,3.25,9.75
2025-03-21,March,Espresso,Beverage,Downtown,2,3.25,6.5
2025-03-21,March,Espresso,Beverage,Uptown,1,3.25,3.25
2025-03-21,March,Bagel,Bakery,Uptown,2,2.95,5.9
2025-03-21,March,Espresso,Beverage,Downtown,3,3.25,9.75
2025-03-21,March,Bagel,Bakery,Suburban,3,2.95,8.85
2025-03-21,March,Latte,Beverage,Downtown,1,4.5,4.5
2025-03-21,March,Muffin,Bakery,Suburban,1,3.25,3.25
2025-03-21,March,Espresso,Beverage,Downtown,1,3.25,3.25
2025-03-21,March,Muffin,Bakery,Uptown,2,3.25,6.5
2025-03-21,March,Croissant,Bakery,Uptown,2,3.75,7.5
2025-03-21,March,Croissant,Bakery,Downtown,1,3.75,3.75
2025-03-21,March,Croissant,Bakery,Uptown,1,3.75,3.75
2025-03-21,March,Espresso,Beverage,Downtown,3,3.25,9.75
2025-03-21,March,Espresso,Beverage,Downtown,2,3.25,6.5
2025-03-21,March,Cold Brew,Beverage,Downtown,1,4.0,4.0
2025-03-21,March,Muffin,Bakery,Downtown,3,3.25,9.75
2025-03-21,March,Muffin,Bakery,Uptown,3,3.25,9.75
2025-03-21,March,Croissant,Bakery,Uptown,3,3.75,11.25
2025-03-21,March,Cold Brew,Beverage,Suburban,2,4.0,8.0
2025-03-21,March,Muffin,Bakery,Uptown,1,3.25,3.25
2025-03-21,March,Muffin,Bakery,Suburban,1,3.25,3.25
2025-03-22,March,Bagel,Bakery,Uptown,1,2.95,2.95
2025-03-22,March,Croissant,Bakery,Suburban,2,3.75,7.5
2025-03-22,March,Cold Brew,Beverage,Suburban,2,4.0,8.0
2025-03-22,March,Muffin,Bakery,Uptown,3,3.25,9.75
2025-03-22,March,Bagel,Bakery,Uptown,1,2.95,2.95
2025-03-22,March,Croissant,Bakery,Uptown,1,3.75,3.75
2025-03-22,March,Croissant,Bakery,Downtown,2,3.75,7.5
2025-03-22,March,Latte,Beverage,Uptown,1,4.5,4.5
2025-03-22,March,Latte,Beverage,Suburban,2,4.5,9.0
2025-03-22,March,Muffin,Bakery,Suburban,1,3.25,3.25
2025-03-22,March,Espresso,Beverage,Downtown,1,3.25,3.25
2025-03-22,March,Latte,Beverage,Downtown,3,4.5,13.5
2025-03-22,March,Muffin,Bakery,Downtown,2,3.25,6.5
2025-03-22,March,Cold Brew,Beverage,Uptown,1,4.0,4.0
2025-03-22,March,Croissant,Bakery,Downtown,2,3.75,7.5
2025-03-22,March,Muffin,Bakery,Downtown,2,3.25,6.5
2025-03-22,March,Cold Brew,Beverage,Suburban,1,4.0,4.0
2025-03-22,March,Muffin,Bakery,Suburban,1,3.25,3.25
2025-03-22,March,Muffin,Bakery,Downtown,2,3.25,6.5
2025-03-22,March,Bagel,Bakery,Suburban,3,2.95,8.85
2025-03-22,March,Bagel,Bakery,Suburban,3,2.95,8.85
2025-03-22,March,Espresso,Beverage,Downtown,2,3.25,6.5
2025-03-22,March,Latte,Beverage,Suburban,3,4.5,13.5
2025-03-22,March,Croissant,Bakery,Downtown,3,3.75,11.25
2025-03-22,March,Latte,Beverage,Uptown,3,4.5,13.5
2025-03-22,March,Croissant,Bakery,Downtown,2,3.75,7.5
2025-03-22,March,Muffin,Bakery,Suburban,3,3.25,9.75
2025-03-23,March,Croissant,Bakery,Uptown,3,3.75,11.25
2025-03-23,March,Cold Brew,Beverage,Uptown,1,4.0,4.0
2025-03-23,March,Cold Brew,Beverage,Downtown,2,4.0,8.0
2025-03-23,March,Latte,Beverage,Uptown,3,4.5,13.5
2025-03-23,March,Cold Brew,Beverage,Uptown,2,4.0,8.0
2025-03-23,March,Muffin,Bakery,Suburban,1,3.25,3.25
2025-03-23,March,Latte,Beverage,Uptown,2,4.5,9.0
2025-03-23,March,Bagel,Bakery,Uptown,1,2.95,2.95
2025-03-23,March,Espresso,Beverage,Suburban,1,3.25,3.25
2025-03-23,March,Muffin,Bakery,Uptown,2,3.25,6.5
2025-03-23,March,Cold Brew,Beverage,Uptown,1,4.0,4.0
2025-03-23,March,Latte,Beverage,Uptown,3,4.5,13.5
2025-03-23,March,Latte,Beverage,Suburban,2,4.5,9.0
2025-03-23,March,Latte,Beverage,Uptown,3,4.5,13.5
2025-03-23,March,Croissant,Bakery,Uptown,3,3.75,11.25
2025-03-23,March,Latte,Beverage,Downtown,3,4.5,13.5
2025-03-23,March,Cold Brew,Beverage,Uptown,3,4.0,12.0
2025-03-23,March,Muffin,Bakery,Downtown,2,3.25,6.5
2025-03-23,March,Latte,Beverage,Downtown,2,4.5,9.0
2025-03-23,March,Cold Brew,Beverage,Suburban,2,4.0,8.0
2025-03-24,March,Bagel,Bakery,Uptown,2,2.95,5.9
2025-03-24,March,Croissant,Bakery,Suburban,1,3.75,3.75
2025-03-24,March,Latte,Beverage,Suburban,1,4.5,4.5
2025-03-24,March,Croissant,Bakery,Uptown,3,3.75,11.25
2025-03-24,March,Espresso,Beverage,Uptown,1,3.25,3.25
2025-03-24,March,Latte,Beverage,Downtown,3,4.5,13.5
2025-03-24,March,Bagel,Bakery,Downtown,1,2.95,2.95
2025-03-24,March,Latte,Beverage,Uptown,1,4.5,4.5
2025-03-24,March,Latte,Beverage,Uptown,2,4.5,9.0
2025-03-24,March,Espresso,Beverage,Downtown,1,3.25,3.25
2025-03-24,March,Latte,Beverage,Downtown,1,4.5,4.5
2025-03-24,March,Croissant,Bakery,Downtown,1,3.75,3.75
2025-03-24,March,Cold Brew,Beverage,Downtown,2,4.0,8.0
2025-03-24,March,Latte,Beverage,Downtown,2,4.5,9.0
2025-03-24,March,Cold Brew,Beverage,Uptown,3,4.0,12.0
2025-03-24,March,Espresso,Beverage,Downtown,3,3.25,9.75
2025-03-25,March,Espresso,Beverage,Suburban,3,3.25,9.75
2025-03-25,March,Croissant,Bakery,Uptown,2,3.75,7.5
2025-03-25,March,Croissant,Bakery,Suburban,2,3.75,7.5
2025-03-25,March,Muffin,Bakery,Uptown,1,3.25,3.25
2025-03-25,March,Bagel,Bakery,Downtown,2,2.95,5.9
2025-03-25,March,Bagel,Bakery,Uptown,2,2.95,5.9
2025-03-25,March,Cold Brew,Beverage,Uptown,1,4.0,4.0
2025-03-25,March,Cold Brew,Beverage,Downtown,3,4.0,12.0
2025-03-25,March,Espresso,Beverage,Suburban,2,3.25,6.5
2025-03-25,March,Cold Brew,Beverage,Suburban,2,4.0,8.0
2025-03-25,March,Croissant,Bakery,Suburban,1,3.75,3.75
2025-03-25,March,Croissant,Bakery,Uptown,1,3.75,3.75
2025-03-25,March,Bagel,Bakery,Uptown,2,2.95,5.9
2025-03-25,March,Croissant,Bakery,Suburban,3,3.75,11.25
2025-03-25,March,Espresso,Beverage,Uptown,2,3.25,6.5
2025-03-25,March,Espresso,Beverage,Downtown,3,3.25,9.75
2025-03-25,March,Cold Brew,Beverage,Downtown,1,4.0,4.0
2025-03-26,March,Latte,Beverage,Suburban,1,4.5,4.5
2025-03-26,March,Bagel,Bakery,Downtown,1,2.95,2.95
2025-03-26,March,Muffin,Bakery,Suburban,3,3.25,9.75
2025-03-26,March,Croissant,Bakery,Suburban,1,3.75,3.75
2025-03-26,March,Espresso,Beverage,Suburban,1,3.25,3.25
2025-03-26,March,Croissant,Bakery,Downtown,1,3.75,3.75
2025-03-26,March,Croissant,Bakery,Suburban,1,3.75,3.75
2025-03-26,March,Cold Brew,Beverage,Uptown,2,4.0,8.0
2025-03-26,March,Cold Brew,Beverage,Suburban,2,4.0,8.0
2025-03-26,March,Croissant,Bakery,Uptown,2,3.75,7.5
2025-03-26,March,Latte,Beverage,Uptown,3,4.5,13.5
2025-03-26,March,Muffin,Bakery,Suburban,3,3.25,9.75
2025-03-26,March,Muffin,Bakery,Uptown,3,3.25,9.75
2025-03-26,March,Muffin,Bakery,Suburban,1,3.25,3.25
2025-03-26,March,Espresso,Beverage,Downtown,3,3.25,9.75
2025-03-26,March,Croissant,Bakery,Downtown,1,3.75,3.75
2025-03-26,March,Bagel,Bakery,Downtown,3,2.95,8.85
2025-03-26,March,Espresso,Beverage,Suburban,3,3.25,9.75
2025-03-26,March,Latte,Beverage,Downtown,2,4.5,9.0
2025-03-26,March,Muffin,Bakery,Downtown,2,3.25,6.5
2025-03-26,March,Latte,Beverage,Suburban,2,4.5,9.0
2025-03-26,March,Espresso,Beverage,Uptown,3,3.25,9.75
2025-03-26,March,Bagel,Bakery,Downtown,3,2.95,8.85
2025-03-26,March,Espresso,Beverage,Downtown,3,3.25,9.75
2025-03-26,March,Espresso,Beverage,Suburban,2,3.25,6.5
2025-03-26,March,Muffin,Bakery,Downtown,2,3.25,6.5
2025-03-26,March,Cold Brew,Beverage,Downtown,3,4.0,12.0
2025-03-27,March,Espresso,Beverage,Downtown,1,3.25,3.25
2025-03-27,March,Muffin,Bakery,Downtown,3,3.25,9.75
2025-03-27,March,Muffin,Bakery,Suburban,2,3.25,6.5
2025-03-27,March,Bagel,Bakery,Suburban,1,2.95,2.95
2025-03-27,March,Croissant,Bakery,Downtown,1,3.75,3.75
2025-03-27,March,Bagel,Bakery,Uptown,2,2.95,5.9
2025-03-27,March,Latte,Beverage,Downtown,3,4.5,13.5
2025-03-27,March,Espresso,Beverage,Suburban,2,3.25,6.5
2025-03-27,March,Latte,Beverage,Uptown,1,4.5,4.5
2025-03-27,March,Latte,Beverage,Downtown,2,4.5,9.0
2025-03-27,March,Espresso,Beverage,Suburban,1,3.25,3.25
2025-03-27,March,Bagel,Bakery,Uptown,2,2.95,5.9
2025-03-27,March,Muffin,Bakery,Uptown,1,3.25,3.25
2025-03-27,March,Muffin,Bakery,Downtown,3,3.25,9.75
2025-03-27,March,Muffin,Bakery,Suburban,2,3.25,6.5
2025-03-27,March,Latte,Beverage,Suburban,2,4.5,9.0
2025-03-27,March,Latte,Beverage,Downtown,3,4.5,13.5
2025-03-27,March,Muffin,Bakery,Downtown,2,3.25,6.5
2025-03-27,March,Espresso,Beverage,Downtown,3,3.25,9.75
2025-03-27,March,Cold Brew,Beverage,Suburban,1,4.0,4.0
2025-03-27,March,Croissant,Bakery,Downtown,3,3.75,11.25
2025-03-27,March,Latte,Beverage,Uptown,2,4.5,9.0
2025-03-28,March,Bagel,Bakery,Downtown,3,2.95,8.85
2025-03-28,March,Latte,Beverage,Uptown,3,4.5,13.5
2025-03-28,March,Bagel,Bakery,Downtown,2,2.95,5.9
2025-03-28,March,Cold Brew,Beverage,Uptown,3,4.0,12.0
2025-03-28,March,Espresso,Beverage,Suburban,1,3.25,3.25
2025-03-28,March,Bagel,Bakery,Downtown,3,2.95,8.85
2025-03-28,March,Croissant,Bakery,Uptown,3,3.75,11.25
2025-03-28,March,Croissant,Bakery,Downtown,2,3.75,7.5
2025-03-28,March,Latte,Beverage,Downtown,3,4.5,13.5
2025-03-28,March,Espresso,Beverage,Suburban,2,3.25,6.5
2025-03-28,March,Croissant,Bakery,Uptown,2,3.75,7.5
2025-03-28,March,Espresso,Beverage,Downtown,1,3.25,3.25
2025-03-28,March,Muffin,Bakery,Downtown,3,3.25,9.75
2025-03-28,March,Latte,Beverage,Suburban,1,4.5,4.5
2025-03-28,March,Cold Brew,Beverage,Uptown,3,4.0,12.0
2025-03-28,March,Muffin,Bakery,Downtown,2,3.25,6.5
2025-03-28,March,Bagel,Bakery,Suburban,3,2.95,8.85
2025-03-28,March,Bagel,Bakery,Downtown,1,2.95,2.95
2025-03-28,March,Croissant,Bakery,Uptown,1,3.75,3.75
2025-03-28,March,Latte,Beverage,Uptown,2,4.5,9.0
2025-03-28,March,Cold Brew,Beverage,Uptown,3,4.0,12.0
2025-03-28,March,Cold Brew,Beverage,Uptown,1,4.0,4.0
2025-03-28,March,Latte,Beverage,Uptown,1,4.5,4.5
2025-03-28,March,Espresso,Beverage,Downtown,2,3.25,6.5
2025-03-28,March,Bagel,Bakery,Downtown,3,2.95,8.85
2025-03-28,March,Croissant,Bakery,Uptown,2,3.75,7.5
2025-03-29,March,Muffin,Bakery,Downtown,2,3.25,6.5
2025-03-29,March,Cold Brew,Beverage,Uptown,1,4.0,4.0
2025-03-29,March,Latte,Beverage,Suburban,1,4.5,4.5
2025-03-29,March,Espresso,Beverage,Suburban,3,3.25,9.75
2025-03-29,March,Croissant,Bakery,Downtown,3,3.75,11.25
2025-03-29,March,Latte,Beverage,Uptown,1,4.5,4.5
2025-03-29,March,Croissant,Bakery,Uptown,3,3.75,11.25
2025-03-29,March,Latte,Beverage,Suburban,3,4.5,13.5
2025-03-29,March,Muffin,Bakery,Uptown,2,3.25,6.5
2025-03-29,March,Cold Brew,Beverage,Downtown,3,4.0,12.0
2025-03-29,March,Bagel,Bakery,Uptown,1,2.95,2.95
2025-03-29,March,Latte,Beverage,Suburban,2,4.5,9.0
2025-03-29,March,Bagel,Bakery,Downtown,3,2.95,8.85
2025-03-29,March,Latte,Beverage,Uptown,3,4.5,13.5
2025-03-29,March,Espresso,Beverage,Uptown,3,3.25,9.75
2025-03-29,March,Espresso,Beverage,Uptown,3,3.25,9.75
2025-03-29,March,Croissant,Bakery,Uptown,3,3.75,11.25
2025-03-29,March,Cold Brew,Beverage,Downtown,2,4.0,8.0
2025-03-29,March,Espresso,Beverage,Downtown,3,3.25,9.75
2025-03-29,March,Croissant,Bakery,Downtown,1,3.75,3.75
2025-03-29,March,Croissant,Bakery,Uptown,3,3.75,11.25
2025-03-29,March,Espresso,Beverage,Downtown,1,3.25,3.25
2025-03-30,March,Latte,Beverage,Downtown,2,4.5,9.0
2025-03-30,March,Cold Brew,Beverage,Uptown,3,4.0,12.0
2025-03-30,March,Croissant,Bakery,Downtown,1,3.75,3.75
2025-03-30,March,Muffin,Bakery,Uptown,1,3.25,3.25
2025-03-30,March,Latte,Beverage,Uptown,1,4.5,4.5
2025-03-30,March,Bagel,Bakery,Suburban,1,2.95,2.95
2025-03-30,March,Croissant,Bakery,Downtown,3,3.75,11.25
2025-03-30,March,Bagel,Bakery,Suburban,1,2.95,2.95
2025-03-30,March,Croissant,Bakery,Downtown,2,3.75,7.5
2025-03-30,March,Croissant,Bakery,Uptown,1,3.75,3.75
2025-03-30,March,Muffin,Bakery,Downtown,1,3.25,3.25
2025-03-30,March,Latte,Beverage,Downtown,1,4.5,4.5
2025-03-30,March,Latte,Beverage,Downtown,2,4.5,9.0
2025-03-30,March,Muffin,Bakery,Suburban,3,3.25,9.75
2025-03-30,March,Croissant,Bakery,Suburban,1,3.75,3.75
2025-03-30,March,Latte,Beverage,Uptown,2,4.5,9.0
2025-03-30,March,Muffin,Bakery,Suburban,2,3.25,6.5
2025-03-30,March,Bagel,Bakery,Suburban,2,2.95,5.9
2025-03-30,March,Latte,Beverage,Downtown,3,4.5,13.5
2025-03-30,March,Bagel,Bakery,Suburban,2,2.95,5.9
2025-03-30,March,Espresso,Beverage,Suburban,2,3.25,6.5
2025-03-30,March,Espresso,Beverage,Downtown,1,3.25,3.25
2025-03-30,March,Latte,Beverage,Uptown,2,4.5,9.0
2025-03-30,March,Latte,Beverage,Downtown,1,4.5,4.5
2025-03-30,March,Bagel,Bakery,Downtown,3,2.95,8.85
2025-03-30,March,Latte,Beverage,Suburban,1,4.5,4.5
2025-03-30,March,Muffin,Bakery,Downtown,3,3.25,9.75
2025-03-30,March,Croissant,Bakery,Suburban,1,3.75,3.75
2025-03-31,March,Latte,Beverage,Uptown,3,4.5,13.5
2025-03-31,March,Cold Brew,Beverage,Downtown,1,4.0,4.0
2025-03-31,March,Bagel,Bakery,Downtown,1,2.95,2.95
2025-03-31,March,Muffin,Bakery,Uptown,1,3.25,3.25
2025-03-31,March,Muffin,Bakery,Uptown,2,3.25,6.5
2025-03-31,March,Espresso,Beverage,Uptown,2,3.25,6.5
2025-03-31,March,Croissant,Bakery,Downtown,1,3.75,3.75
2025-03-31,March,Muffin,Bakery,Suburban,3,3.25,9.75
2025-03-31,March,Latte,Beverage,Downtown,3,4.5,13.5
2025-03-31,March,Croissant,Bakery,Suburban,1,3.75,3.75
2025-03-31,March,Latte,Beverage,Downtown,3,4.5,13.5
2025-03-31,March,Muffin,Bakery,Downtown,2,3.25,6.5
2025-03-31,March,Latte,Beverage,Downtown,3,4.5,13.5
2025-03-31,March,Latte,Beverage,Downtown,2,4.5,9.0
2025-03-31,March,Espresso,Beverage,Suburban,2,3.25,6.5
2025-03-31,March,Muffin,Bakery,Downtown,3,3.25,9.75
2025-03-31,March,Cold Brew,Beverage,Suburban,1,4.0,4.0
2025-03-31,March,Croissant,Bakery,Suburban,1,3.75,3.75
2025-03-31,March,Espresso,Beverage,Suburban,1,3.25,3.25
2025-03-31,March,Croissant,Bakery,Uptown,3,3.75,11.25
2025-03-31,March,Bagel,Bakery,Downtown,2,2.95,5.9
2025-03-31,March,Espresso,Beverage,Downtown,3,3.25,9.75
2025-03-31,March,Cold Brew,Beverage,Downtown,1,4.0,4.0
2025-04-01,April,Latte,Beverage,Suburban,2,4.5,9.0
2025-04-01,April,Espresso,Beverage,Downtown,1,3.25,3.25
2025-04-01,April,Muffin,Bakery,Uptown,2,3.25,6.5
2025-04-01,April,Espresso,Beverage,Downtown,3,3.25,9.75
2025-04-01,April,Muffin,Bakery,Suburban,1,3.25,3.25
2025-04-01,April,Latte,Beverage,Uptown,1,4.5,4.5
2025-04-01,April,Espresso,Beverage,Uptown,1,3.25,3.25
2025-04-01,April,Latte,Beverage,Suburban,2,4.5,9.0
2025-04-01,April,Espresso,Beverage,Downtown,2,3.25,6.5
2025-04-01,April,Cold Brew,Beverage,Downtown,1,4.0,4.0
2025-04-01,April,Espresso,Beverage,Downtown,3,3.25,9.75
2025-04-01,April,Muffin,Bakery,Uptown,3,3.25,9.75
2025-04-01,April,Latte,Beverage,Suburban,3,4.5,13.5
2025-04-01,April,Espresso,Beverage,Suburban,3,3.25,9.75
2025-04-01,April,Espresso,Beverage,Suburban,1,3.25,3.25
2025-04-01,April,Espresso,Beverage,Downtown,2,3.25,6.5
2025-04-01,April,Muffin,Bakery,Downtown,1,3.25,3.25
2025-04-01,April,Espresso,Beverage,Uptown,1,3.25,3.25
2025-04-01,April,Espresso,Beverage,Uptown,3,3.25,9.75
2025-04-01,April,Latte,Beverage,Uptown,3,4.5,13.5
2025-04-01,April,Muffin,Bakery,Suburban,1,3.25,3.25
2025-04-01,April,Croissant,Bakery,Uptown,3,3.75,11.25
2025-04-01,April,Muffin,Bakery,Downtown,2,3.25,6.5
2025-04-02,April,Bagel,Bakery,Uptown,3,2.95,8.85
2025-04-02,April,Muffin,Bakery,Downtown,1,3.25,3.25
2025-04-02,April,Croissant,Bakery,Suburban,2,3.75,7.5
2025-04-02,April,Muffin,Bakery,Suburban,1,3.25,3.25
2025-04-02,April,Cold Brew,Beverage,Downtown,3,4.0,12.0
2025-04-02,April,Espresso,Beverage,Suburban,1,3.25,3.25
2025-04-02,April,Espresso,Beverage,Suburban,3,3.25,9.75
2025-04-02,April,Espresso,Beverage,Downtown,3,3.25,9.75
2025-04-02,April,Espresso,Beverage,Downtown,2,3.25,6.5
2025-04-02,April,Latte,Beverage,Uptown,1,4.5,4.5
2025-04-02,April,Espresso,Beverage,Uptown,1,3.25,3.25
2025-04-02,April,Cold Brew,Beverage,Downtown,3,4.0,12.0
2025-04-02,April,Croissant,Bakery,Uptown,3,3.75,11.25
2025-04-02,April,Latte,Beverage,Uptown,2,4.5,9.0
2025-04-02,April,Espresso,Beverage,Downtown,2,3.25,6.5
2025-04-02,April,Croissant,Bakery,Uptown,3,3.75,11.25
2025-04-03,April,Latte,Beverage,Suburban,3,4.5,13.5
2025-04-03,April,Bagel,Bakery,Uptown,3,2.95,8.85
2025-04-03,April,Croissant,Bakery,Suburban,3,3.75,11.25
2025-04-03,April,Cold Brew,Beverage,Downtown,1,4.0,4.0
2025-04-03,April,Latte,Beverage,Downtown,1,4.5,4.5
2025-04-03,April,Espresso,Beverage,Downtown,3,3.25,9.75
2025-04-03,April,Croissant,Bakery,Downtown,2,3.75,7.5
2025-04-03,April,Muffin,Bakery,Suburban,3,3.25,9.75
2025-04-03,April,Bagel,Bakery,Suburban,2,2.95,5.9
2025-04-03,April,Espresso,Beverage,Suburban,3,3.25,9.75
2025-04-03,April,Latte,Beverage,Uptown,2,4.5,9.0
2025-04-03,April,Espresso,Beverage,Downtown,3,3.25,9.75
2025-04-03,April,Espresso,Beverage,Suburban,1,3.25,3.25
2025-04-03,April,Latte,Beverage,Suburban,2,4.5,9.0
2025-04-03,April,Espresso,Beverage,Downtown,3,3.25,9.75
2025-04-03,April,Muffin,Bakery,Downtown,1,3.25,3.25
2025-04-03,April,Muffin,Bakery,Suburban,3,3.25,9.75
2025-04-03,April,Muffin,Bakery,Downtown,2,3.25,6.5
2025-04-03,April,Latte,Beverage,Uptown,2,4.5,9.0
2025-04-03,April,Cold Brew,Beverage,Uptown,1,4.0,4.0
2025-04-03,April,Latte,Beverage,Downtown,1,4.5,4.5
2025-04-03,April,Croissant,Bakery,Downtown,2,3.75,7.5
2025-04-03,April,Croissant,Bakery,Downtown,1,3.75,3.75
2025-04-03,April,Espresso,Beverage,Suburban,2,3.25,6.5
2025-04-03,April,Latte,Beverage,Downtown,1,4.5,4.5
2025-04-03,April,Cold Brew,Beverage,Downtown,3,4.0,12.0
2025-04-04,April,Bagel,Bakery,Uptown,3,2.95,8.85
2025-04-04,April,Muffin,Bakery,Suburban,3,3.25,9.75
2025-04-04,April,Latte,Beverage,Downtown,1,4.5,4.5
2025-04-04,April,Bagel,Bakery,Downtown,2,2.95,5.9
2025-04-04,April,Cold Brew,Beverage,Suburban,1,4.0,4.0
2025-04-04,April,Croissant,Bakery,Downtown,3,3.75,11.25
2025-04-04,April,Cold Brew,Beverage,Suburban,1,4.0,4.0
2025-04-04,April,Croissant,Bakery,Uptown,2,3.75,7.5
2025-04-04,April,Latte,Beverage,Uptown,3,4.5,13.5
2025-04-04,April,Muffin,Bakery,Downtown,1,3.25,3.25
2025-04-04,April,Muffin,Bakery,Downtown,1,3.25,3.25
2025-04-04,April,Muffin,Bakery,Downtown,1,3.25,3.25
2025-04-04,April,Croissant,Bakery,Downtown,1,3.75,3.75
2025-04-04,April,Espresso,Beverage,Downtown,1,3.25,3.25
2025-04-04,April,Muffin,Bakery,Downtown,1,3.25,3.25
2025-04-04,April,Espresso,Beverage,Suburban,2,3.25,6.5
2025-04-04,April,Cold Brew,Beverage,Downtown,1,4.0,4.0
2025-04-04,April,Cold Brew,Beverage,Suburban,1,4.0,4.0
2025-04-04,April,Muffin,Bakery,Suburban,2,3.25,6.5
2025-04-04,April,Latte,Beverage,Suburban,1,4.5,4.5
2025-04-04,April,Bagel,Bakery,Uptown,1,2.95,2.95
2025-04-04,April,Latte,Beverage,Suburban,2,4.5,9.0
2025-04-04,April,Muffin,Bakery,Suburban,2,3.25,6.5
2025-04-04,April,Croissant,Bakery,Downtown,3,3.75,11.25
2025-04-05,April,Cold Brew,Beverage,Downtown,2,4.0,8.0
2025-04-05,April,Latte,Beverage,Downtown,3,4.5,13.5
2025-04-05,April,Croissant,Bakery,Uptown,2,3.75,7.5
2025-04-05,April,Espresso,Beverage,Downtown,1,3.25,3.25
2025-04-05,April,Espresso,Beverage,Downtown,1,3.25,3.25
2025-04-05,April,Latte,Beverage,Uptown,3,4.5,13.5
2025-04-05,April,Espresso,Beverage,Downtown,2,3.25,6.5
2025-04-05,April,Cold Brew,Beverage,Downtown,1,4.0,4.0
2025-04-05,April,Espresso,Beverage,Uptown,2,3.25,6.5
2025-04-05,April,Cold Brew,Beverage,Suburban,2,4.0,8.0
2025-04-05,April,Muffin,Bakery,Uptown,2,3.25,6.5
2025-04-05,April,Cold Brew,Beverage,Uptown,1,4.0,4.0
2025-04-05,April,Espresso,Beverage,Uptown,3,3.25,9.75
2025-04-05,April,Muffin,Bakery,Uptown,3,3.25,9.75
2025-04-05,April,Bagel,Bakery,Downtown,2,2.95,5.9
2025-04-05,April,Espresso,Beverage,Suburban,1,3.25,3.25
2025-04-05,April,Cold Brew,Beverage,Uptown,1,4.0,4.0
2025-04-05,April,Latte,Beverage,Suburban,3,4.5,13.5
2025-04-05,April,Espresso,Beverage,Uptown,3,3.25,9.75
2025-04-05,April,Espresso,Beverage,Downtown,3,3.25,9.75
2025-04-05,April,Latte,Beverage,Uptown,1,4.5,4.5
2025-04-05,April,Croissant,Bakery,Downtown,1,3.75,3.75
2025-04-06,April,Bagel,Bakery,Suburban,3,2.95,8.85
2025-04-06,April,Croissant,Bakery,Suburban,2,3.75,7.5
2025-04-06,April,Croissant,Bakery,Downtown,2,3.75,7.5
2025-04-06,April,Cold Brew,Beverage,Downtown,1,4.0,4.0
2025-04-06,April,Muffin,Bakery,Downtown,3,3.25,9.75
2025-04-06,April,Espresso,Beverage,Suburban,1,3.25,3.25
2025-04-06,April,Latte,Beverage,Downtown,1,4.5,4.5
2025-04-06,April,Bagel,Bakery,Suburban,2,2.95,5.9
2025-04-06,April,Muffin,Bakery,Suburban,1,3.25,3.25
2025-04-06,April,Croissant,Bakery,Downtown,2,3.75,7.5
2025-04-06,April,Bagel,Bakery,Uptown,3,2.95,8.85
2025-04-06,April,Espresso,Beverage,Suburban,3,3.25,9.75
2025-04-06,April,Croissant,Bakery,Downtown,2,3.75,7.5
2025-04-06,April,Espresso,Beverage,Uptown,3,3.25,9.75
2025-04-06,April,Latte,Beverage,Downtown,3,4.5,13.5
2025-04-06,April,Espresso,Beverage,Uptown,1,3.25,3.25
2025-04-07,April,Latte,Beverage,Uptown,2,4.5,9.0
2025-04-07,April,Croissant,Bakery,Suburban,2,3.75,7.5
2025-04-07,April,Muffin,Bakery,Suburban,1,3.25,3.25
2025-04-07,April,Croissant,Bakery,Uptown,1,3.75,3.75
2025-04-07,April,Muffin,Bakery,Uptown,3,3.25,9.75
2025-04-07,April,Espresso,Beverage,Downtown,1,3.25,3.25
2025-04-07,April,Muffin,Bakery,Uptown,2,3.25,6.5
2025-04-07,April,Muffin,Bakery,Suburban,3,3.25,9.75
2025-04-07,April,Espresso,Beverage,Suburban,2,3.25,6.5
2025-04-07,April,Muffin,Bakery,Uptown,1,3.25,3.25
2025-04-07,April,Bagel,Bakery,Uptown,1,2.95,2.95
2025-04-07,April,Espresso,Beverage,Downtown,3,3.25,9.75
2025-04-07,April,Espresso,Beverage,Downtown,1,3.25,3.25
2025-04-07,April,Cold Brew,Beverage,Uptown,1,4.0,4.0
2025-04-07,April,Croissant,Bakery,Suburban,2,3.75,7.5
2025-04-07,April,Cold Brew,Beverage,Suburban,2,4.0,8.0
2025-04-07,April,Latte,Beverage,Suburban,3,4.5,13.5
2025-04-07,April,Latte,Beverage,Uptown,1,4.5,4.5
2025-04-07,April,Latte,Beverage,Suburban,2,4.5,9.0
2025-04-07,April,Croissant,Bakery,Downtown,1,3.75,3.75
2025-04-08,April,Latte,Beverage,Suburban,2,4.5,9.0
2025-04-08,April,Latte,Beverage,Uptown,2,4.5,9.0
2025-04-08,April,Espresso,Beverage,Uptown,2,3.25,6.5
2025-04-08,April,Espresso,Beverage,Uptown,3,3.25,9.75
2025-04-08,April,Espresso,Beverage,Suburban,3,3.25,9.75
2025-04-08,April,Espresso,Beverage,Uptown,1,3.25,3.25
2025-04-08,April,Croissant,Bakery,Uptown,3,3.75,11.25
2025-04-08,April,Croissant,Bakery,Uptown,1,3.75,3.75
2025-04-08,April,Bagel,Bakery,Uptown,2,2.95,5.9
2025-04-08,April,Latte,Beverage,Downtown,3,4.5,13.5
2025-04-08,April,Latte,Beverage,Suburban,1,4.5,4.5
2025-04-08,April,Cold Brew,Beverage,Uptown,3,4.0,12.0
2025-04-08,April,Croissant,Bakery,Downtown,2,3.75,7.5
2025-04-08,April,Croissant,Bakery,Suburban,3,3.75,11.25
2025-04-08,April,Croissant,Bakery,Suburban,3,3.75,11.25
2025-04-08,April,Croissant,Bakery,Downtown,2,3.75,7.5
2025-04-08,April,Latte,Beverage,Downtown,3,4.5,13.5
2025-04-08,April,Cold Brew,Beverage,Downtown,3,4.0,12.0
2025-04-08,April,Bagel,Bakery,Downtown,2,2.95,5.9
2025-04-08,April,Latte,Beverage,Suburban,3,4.5,13.5
2025-04-08,April,Bagel,Bakery,Downtown,3,2.95,8.85
2025-04-08,April,Muffin,Bakery,Downtown,1,3.25,3.25
2025-04-08,April,Muffin,Bakery,Uptown,2,3.25,6.5
2025-04-08,April,Bagel,Bakery,Uptown,1,2.95,2.95
2025-04-08,April,Bagel,Bakery,Uptown,2,2.95,5.9
2025-04-09,April,Bagel,Bakery,Suburban,1,2.95,2.95
2025-04-09,April,Muffin,Bakery,Uptown,3,3.25,9.75
2025-04-09,April,Croissant,Bakery,Downtown,2,3.75,7.5
2025-04-09,April,Bagel,Bakery,Suburban,2,2.95,5.9
2025-04-09,April,Espresso,Beverage,Uptown,3,3.25,9.75
2025-04-09,April,Bagel,Bakery,Uptown,1,2.95,2.95
2025-04-09,April,Croissant,Bakery,Downtown,2,3.75,7.5
2025-04-09,April,Cold Brew,Beverage,Uptown,1,4.0,4.0
2025-04-09,April,Latte,Beverage,Uptown,2,4.5,9.0
2025-04-09,April,Espresso,Beverage,Suburban,3,3.25,9.75
2025-04-09,April,Espresso,Beverage,Suburban,1,3.25,3.25
2025-04-09,April,Latte,Beverage,Uptown,3,4.5,13.5
2025-04-09,April,Cold Brew,Beverage,Uptown,1,4.0,4.0
2025-04-09,April,Espresso,Beverage,Uptown,2,3.25,6.5
2025-04-09,April,Espresso,Beverage,Uptown,2,3.25,6.5
2025-04-09,April,Muffin,Bakery,Suburban,1,3.25,3.25
2025-04-09,April,Bagel,Bakery,Suburban,3,2.95,8.85
2025-04-09,April,Cold Brew,Beverage,Suburban,3,4.0,12.0
2025-04-09,April,Croissant,Bakery,Uptown,1,3.75,3.75
2025-04-09,April,Bagel,Bakery,Uptown,3,2.95,8.85
2025-04-09,April,Latte,Beverage,Downtown,3,4.5,13.5
2025-04-09,April,Espresso,Beverage,Suburban,2,3.25,6.5
2025-04-10,April,Cold Brew,Beverage,Uptown,1,4.0,4.0
2025-04-10,April,Espresso,Beverage,Uptown,2,3.25,6.5
2025-04-10,April,Latte,Beverage,Suburban,1,4.5,4.5
2025-04-10,April,Latte,Beverage,Downtown,1,4.5,4.5
2025-04-10,April,Bagel,Bakery,Downtown,2,2.95,5.9
2025-04-10,April,Bagel,Bakery,Uptown,1,2.95,2.95
2025-04-10,April,Espresso,Beverage,Suburban,3,3.25,9.75
2025-04-10,April,Muffin,Bakery,Downtown,1,3.25,3.25
2025-04-10,April,Bagel,Bakery,Downtown,3,2.95,8.85
2025-04-10,April,Muffin,Bakery,Uptown,3,3.25,9.75
2025-04-10,April,Croissant,Bakery,Downtown,1,3.75,3.75
2025-04-10,April,Espresso,Beverage,Suburban,1,3.25,3.25
2025-04-10,April,Croissant,Bakery,Downtown,3,3.75,11.25
2025-04-10,April,Bagel,Bakery,Suburban,1,2.95,2.95
2025-04-10,April,Espresso,Beverage,Downtown,1,3.25,3.25
2025-04-10,April,Muffin,Bakery,Uptown,1,3.25,3.25
2025-04-10,April,Cold Brew,Beverage,Uptown,3,4.0,12.0
2025-04-10,April,Espresso,Beverage,Downtown,2,3.25,6.5
2025-04-10,April,Muffin,Bakery,Downtown,3,3.25,9.75
2025-04-11,April,Espresso,Beverage,Uptown,2,3.25,6.5
2025-04-11,April,Latte,Beverage,Downtown,2,4.5,9.0
2025-04-11,April,Muffin,Bakery,Suburban,3,3.25,9.75
2025-04-11,April,Cold Brew,Beverage,Uptown,2,4.0,8.0
2025-04-11,April,Muffin,Bakery,Uptown,2,3.25,6.5
2025-04-11,April,Cold Brew,Beverage,Uptown,2,4.0,8.0
2025-04-11,April,Muffin,Bakery,Suburban,2,3.25,6.5
2025-04-11,April,Muffin,Bakery,Suburban,2,3.25,6.5
2025-04-11,April,Latte,Beverage,Downtown,3,4.5,13.5
2025-04-11,April,Croissant,Bakery,Uptown,1,3.75,3.75
2025-04-11,April,Cold Brew,Beverage,Downtown,3,4.0,12.0
2025-04-11,April,Bagel,Bakery,Uptown,3,2.95,8.85
2025-04-11,April,Croissant,Bakery,Downtown,3,3.75,11.25
2025-04-11,April,Muffin,Bakery,Suburban,1,3.25,3.25
2025-04-11,April,Latte,Beverage,Suburban,3,4.5,13.5
2025-04-11,April,Latte,Beverage,Uptown,2,4.5,9.0
2025-04-11,April,Latte,Beverage,Suburban,2,4.5,9.0
2025-04-11,April,Espresso,Beverage,Suburban,3,3.25,9.75
2025-04-11,April,Croissant,Bakery,Uptown,2,3.75,7.5
2025-04-11,April,Espresso,Beverage,Suburban,2,3.25,6.5
2025-04-11,April,Latte,Beverage,Suburban,3,4.5,13.5
2025-04-11,April,Muffin,Bakery,Uptown,2,3.25,6.5
2025-04-11,April,Cold Brew,Beverage,Suburban,3,4.0,12.0
2025-04-11,April,Cold Brew,Beverage,Uptown,3,4.0,12.0
2025-04-11,April,Cold Brew,Beverage,Uptown,1,4.0,4.0
2025-04-11,April,Croissant,Bakery,Suburban,3,3.75,11.25
2025-04-12,April,Croissant,Bakery,Uptown,3,3.75,11.25
2025-04-12,April,Cold Brew,Beverage,Uptown,3,4.0,12.0
2025-04-12,April,Muffin,Bakery,Downtown,2,3.25,6.5
2025-04-12,April,Croissant,Bakery,Uptown,3,3.75,11.25
2025-04-12,April,Muffin,Bakery,Suburban,1,3.25,3.25
2025-04-12,April,Latte,Beverage,Uptown,3,4.5,13.5
2025-04-12,April,Bagel,Bakery,Suburban,3,2.95,8.85
2025-04-12,April,Bagel,Bakery,Suburban,2,2.95,5.9
2025-04-12,April,Latte,Beverage,Uptown,1,4.5,4.5
2025-04-12,April,Muffin,Bakery,Uptown,3,3.25,9.75
2025-04-12,April,Croissant,Bakery,Suburban,2,3.75,7.5
2025-04-12,April,Bagel,Bakery,Uptown,1,2.95,2.95
2025-04-12,April,Cold Brew,Beverage,Uptown,3,4.0,12.0
2025-04-12,April,Bagel,Bakery,Suburban,2,2.95,5.9
2025-04-12,April,Espresso,Beverage,Downtown,3,3.25,9.75
2025-04-13,April,Bagel,Bakery,Uptown,3,2.95,8.85
2025-04-13,April,Cold Brew,Beverage,Suburban,1,4.0,4.0
2025-04-13,April,Espresso,Beverage,Uptown,1,3.25,3.25
2025-04-13,April,Espresso,Beverage,Uptown,1,3.25,3.25
2025-04-13,April,Muffin,Bakery,Suburban,1,3.25,3.25
2025-04-13,April,Croissant,Bakery,Suburban,1,3.75,3.75
2025-04-13,April,Croissant,Bakery,Downtown,3,3.75,11.25
2025-04-13,April,Latte,Beverage,Uptown,1,4.5,4.5
2025-04-13,April,Bagel,Bakery,Uptown,3,2.95,8.85
2025-04-13,April,Croissant,Bakery,Uptown,3,3.75,11.25
2025-04-13,April,Latte,Beverage,Downtown,1,4.5,4.5
2025-04-13,April,Croissant,Bakery,Uptown,2,3.75,7.5
2025-04-13,April,Cold Brew,Beverage,Suburban,3,4.0,12.0
2025-04-13,April,Espresso,Beverage,Downtown,1,3.25,3.25
2025-04-13,April,Bagel,Bakery,Suburban,2,2.95,5.9
2025-04-13,April,Croissant,Bakery,Downtown,2,3.75,7.5
2025-04-13,April,Cold Brew,Beverage,Uptown,1,4.0,4.0
2025-04-13,April,Latte,Beverage,Downtown,1,4.5,4.5
2025-04-13,April,Muffin,Bakery,Uptown,3,3.25,9.75
2025-04-13,April,Croissant,Bakery,Uptown,3,3.75,11.25
2025-04-14,April,Cold Brew,Beverage,Uptown,2,4.0,8.0
2025-04-14,April,Muffin,Bakery,Uptown,2,3.25,6.5
2025-04-14,April,Espresso,Beverage,Suburban,3,3.25,9.75
2025-04-14,April,Latte,Beverage,Suburban,1,4.5,4.5
2025-04-14,April,Latte,Beverage,Suburban,3,4.5,13.5
2025-04-14,April,Bagel,Bakery,Uptown,1,2.95,2.95
2025-04-14,April,Croissant,Bakery,Downtown,3,3.75,11.25
2025-04-14,April,Latte,Beverage,Suburban,1,4.5,4.5
2025-04-14,April,Bagel,Bakery,Downtown,1,2.95,2.95
2025-04-14,April,Latte,Beverage,Uptown,3,4.5,13.5
2025-04-14,April,Latte,Beverage,Uptown,1,4.5,4.5
2025-04-14,April,Cold Brew,Beverage,Suburban,1,4.0,4.0
2025-04-14,April,Cold Brew,Beverage,Suburban,1,4.0,4.0
2025-04-14,April,Muffin,Bakery,Downtown,1,3.25,3.25
2025-04-14,April,Espresso,Beverage,Uptown,3,3.25,9.75
2025-04-14,April,Muffin,Bakery,Uptown,2,3.25,6.5
2025-04-14,April,Croissant,Bakery,Uptown,3,3.75,11.25
2025-04-14,April,Bagel,Bakery,Suburban,3,2.95,8.85
2025-04-14,April,Bagel,Bakery,Downtown,2,2.95,5.9
2025-04-14,April,Cold Brew,Beverage,Suburban,3,4.0,12.0
2025-04-14,April,Cold Brew,Beverage,Uptown,1,4.0,4.0
2025-04-14,April,Muffin,Bakery,Downtown,1,3.25,3.25
2025-04-14,April,Latte,Beverage,Uptown,3,4.5,13.5
2025-04-14,April,Espresso,Beverage,Downtown,1,3.25,3.25
2025-04-15,April,Bagel,Bakery,Suburban,2,2.95,5.9
2025-04-15,April,Muffin,Bakery,Downtown,3,3.25,9.75
2025-04-15,April,Bagel,Bakery,Uptown,1,2.95,2.95
2025-04-15,April,Muffin,Bakery,Downtown,1,3.25,3.25
2025-04-15,April,Espresso,Beverage,Uptown,1,3.25,3.25
2025-04-15,April,Bagel,Bakery,Uptown,1,2.95,2.95
2025-04-15,April,Bagel,Bakery,Downtown,3,2.95,8.85
2025-04-15,April,Croissant,Bakery,Downtown,1,3.75,3.75
2025-04-15,April,Latte,Beverage,Downtown,2,4.5,9.0
2025-04-15,April,Latte,Beverage,Uptown,1,4.5,4.5
2025-04-15,April,Croissant,Bakery,Downtown,2,3.75,7.5
2025-04-15,April,Croissant,Bakery,Downtown,2,3.75,7.5
2025-04-15,April,Bagel,Bakery,Uptown,3,2.95,8.85
2025-04-15,April,Croissant,Bakery,Uptown,3,3.75,11.25
2025-04-15,April,Cold Brew,Beverage,Downtown,2,4.0,8.0
2025-04-15,April,Bagel,Bakery,Downtown,1,2.95,2.95
2025-04-15,April,Bagel,Bakery,Uptown,2,2.95,5.9
2025-04-15,April,Latte,Beverage,Suburban,1,4.5,4.5
2025-04-15,April,Cold Brew,Beverage,Suburban,1,4.0,4.0
2025-04-15,April,Cold Brew,Beverage,Uptown,3,4.0,12.0
2025-04-15,April,Croissant,Bakery,Suburban,3,3.75,11.25
2025-04-15,April,Latte,Beverage,Suburban,3,4.5,13.5
2025-04-16,April,Espresso,Beverage,Downtown,1,3.25,3.25
2025-04-16,April,Espresso,Beverage,Suburban,3,3.25,9.75
2025-04-16,April,Croissant,Bakery,Suburban,2,3.75,7.5
2025-04-16,April,Cold Brew,Beverage,Uptown,2,4.0,8.0
2025-04-16,April,Latte,Beverage,Uptown,1,4.5,4.5
2025-04-16,April,Muffin,Bakery,Downtown,1,3.25,3.25
2025-04-16,April,Latte,Beverage,Uptown,3,4.5,13.5
2025-04-16,April,Croissant,Bakery,Downtown,2,3.75,7.5
2025-04-16,April,Muffin,Bakery,Downtown,1,3.25,3.25
2025-04-16,April,Muffin,Bakery,Downtown,2,3.25,6.5
2025-04-16,April,Cold Brew,Beverage,Suburban,1,4.0,4.0
2025-04-16,April,Muffin,Bakery,Uptown,1,3.25,3.25
2025-04-16,April,Latte,Beverage,Downtown,2,4.5,9.0
2025-04-16,April,Latte,Beverage,Suburban,2,4.5,9.0
2025-04-16,April,Muffin,Bakery,Suburban,1,3.25,3.25
2025-04-16,April,Latte,Beverage,Downtown,3,4.5,13.5
2025-04-16,April,Croissant,Bakery,Suburban,1,3.75,3.75
2025-04-16,April,Latte,Beverage,Downtown,3,4.5,13.5
2025-04-16,April,Croissant,Bakery,Suburban,1,3.75,3.75
2025-04-16,April,Cold Brew,Beverage,Suburban,3,4.0,12.0
2025-04-16,April,Croissant,Bakery,Downtown,1,3.75,3.75
2025-04-16,April,Latte,Beverage,Suburban,3,4.5,13.5
2025-04-16,April,Cold Brew,Beverage,Downtown,3,4.0,12.0
2025-04-16,April,Muffin,Bakery,Downtown,2,3.25,6.5
2025-04-17,April,Cold Brew,Beverage,Downtown,2,4.0,8.0
2025-04-17,April,Cold Brew,Beverage,Suburban,1,4.0,4.0
2025-04-17,April,Cold Brew,Beverage,Uptown,1,4.0,4.0
2025-04-17,April,Bagel,Bakery,Suburban,2,2.95,5.9
2025-04-17,April,Croissant,Bakery,Downtown,3,3.75,11.25
2025-04-17,April,Espresso,Beverage,Suburban,2,3.25,6.5
2025-04-17,April,Muffin,Bakery,Suburban,3,3.25,9.75
2025-04-17,April,Cold Brew,Beverage,Suburban,1,4.0,4.0
2025-04-17,April,Croissant,Bakery,Downtown,1,3.75,3.75
2025-04-17,April,Bagel,Bakery,Downtown,1,2.95,2.95
2025-04-17,April,Muffin,Bakery,Downtown,1,3.25,3.25
2025-04-17,April,Bagel,Bakery,Suburban,2,2.95,5.9
2025-04-17,April,Cold Brew,Beverage,Downtown,1,4.0,4.0
2025-04-17,April,Muffin,Bakery,Uptown,1,3.25,3.25
2025-04-17,April,Cold Brew,Beverage,Suburban,2,4.0,8.0
2025-04-17,April,Croissant,Bakery,Uptown,2,3.75,7.5
2025-04-17,April,Cold Brew,Beverage,Downtown,3,4.0,12.0
2025-04-17,April,Latte,Beverage,Uptown,2,4.5,9.0
2025-04-18,April,Muffin,Bakery,Downtown,2,3.25,6.5
2025-04-18,April,Muffin,Bakery,Uptown,3,3.25,9.75
2025-04-18,April,Latte,Beverage,Uptown,1,4.5,4.5
2025-04-18,April,Espresso,Beverage,Downtown,2,3.25,6.5
2025-04-18,April,Espresso,Beverage,Suburban,2,3.25,6.5
2025-04-18,April,Bagel,Bakery,Downtown,1,2.95,2.95
2025-04-18,April,Cold Brew,Beverage,Suburban,2,4.0,8.0
2025-04-18,April,Muffin,Bakery,Downtown,2,3.25,6.5
2025-04-18,April,Espresso,Beverage,Uptown,1,3.25,3.25
2025-04-18,April,Latte,Beverage,Suburban,1,4.5,4.5
2025-04-18,April,Muffin,Bakery,Suburban,2,3.25,6.5
2025-04-18,April,Muffin,Bakery,Suburban,3,3.25,9.75
2025-04-18,April,Latte,Beverage,Suburban,3,4.5,13.5
2025-04-18,April,Bagel,Bakery,Suburban,2,2.95,5.9
2025-04-18,April,Bagel,Bakery,Suburban,3,2.95,8.85
2025-04-18,April,Muffin,Bakery,Suburban,2,3.25,6.5
2025-04-19,April,Muffin,Bakery,Suburban,3,3.25,9.75
2025-04-19,April,Croissant,Bakery,Downtown,2,3.75,7.5
2025-04-19,April,Croissant,Bakery,Uptown,2,3.75,7.5
2025-04-19,April,Muffin,Bakery,Downtown,3,3.25,9.75
2025-04-19,April,Cold Brew,Beverage,Suburban,3,4.0,12.0
2025-04-19,April,Muffin,Bakery,Suburban,3,3.25,9.75
2025-04-19,April,Bagel,Bakery,Downtown,2,2.95,5.9
2025-04-19,April,Croissant,Bakery,Downtown,3,3.75,11.25
2025-04-19,April,Muffin,Bakery,Suburban,2,3.25,6.5
2025-04-19,April,Latte,Beverage,Uptown,3,4.5,13.5
2025-04-19,April,Croissant,Bakery,Uptown,2,3.75,7.5
2025-04-19,April,Bagel,Bakery,Suburban,1,2.95,2.95
2025-04-19,April,Bagel,Bakery,Downtown,1,2.95,2.95
2025-04-19,April,Cold Brew,Beverage,Suburban,3,4.0,12.0
2025-04-19,April,Muffin,Bakery,Uptown,3,3.25,9.75
2025-04-19,April,Croissant,Bakery,Uptown,1,3.75,3.75
2025-04-19,April,Latte,Beverage,Suburban,1,4.5,4.5
2025-04-19,April,Muffin,Bakery,Downtown,2,3.25,6.5
2025-04-19,April,Espresso,Beverage,Suburban,1,3.25,3.25
2025-04-19,April,Latte,Beverage,Suburban,1,4.5,4.5
2025-04-19,April,Bagel,Bakery,Downtown,3,2.95,8.85
2025-04-20,April,Latte,Beverage,Downtown,3,4.5,13.5
2025-04-20,April,Muffin,Bakery,Suburban,2,3.25,6.5
2025-04-20,April,Cold Brew,Beverage,Suburban,1,4.0,4.0
2025-04-20,April,Croissant,Bakery,Uptown,2,3.75,7.5
2025-04-20,April,Cold Brew,Beverage,Downtown,2,4.0,8.0
2025-04-20,April,Latte,Beverage,Downtown,1,4.5,4.5
2025-04-20,April,Bagel,Bakery,Downtown,1,2.95,2.95
2025-04-20,April,Espresso,Beverage,Uptown,3,3.25,9.75
2025-04-20,April,Latte,Beverage,Downtown,2,4.5,9.0
2025-04-20,April,Latte,Beverage,Suburban,1,4.5,4.5
2025-04-20,April,Espresso,Beverage,Suburban,2,3.25,6.5
2025-04-20,April,Bagel,Bakery,Downtown,2,2.95,5.9
2025-04-20,April,Cold Brew,Beverage,Uptown,1,4.0,4.0
2025-04-20,April,Latte,Beverage,Uptown,2,4.5,9.0
2025-04-20,April,Bagel,Bakery,Suburban,2,2.95,5.9
2025-04-20,April,Cold Brew,Beverage,Uptown,3,4.0,12.0
2025-04-20,April,Muffin,Bakery,Suburban,2,3.25,6.5
2025-04-20,April,Cold Brew,Beverage,Uptown,2,4.0,8.0
2025-04-20,April,Muffin,Bakery,Downtown,2,3.25,6.5
2025-04-20,April,Muffin,Bakery,Downtown,3,3.25,9.75
2025-04-20,April,Bagel,Bakery,Downtown,2,2.95,5.9
2025-04-20,April,Cold Brew,Beverage,Downtown,3,4.0,12.0
2025-04-20,April,Bagel,Bakery,Downtown,2,2.95,5.9
2025-04-21,April,Croissant,Bakery,Suburban,3,3.75,11.25
2025-04-21,April,Latte,Beverage,Uptown,3,4.5,13.5
2025-04-21,April,Espresso,Beverage,Uptown,3,3.25,9.75
2025-04-21,April,Croissant,Bakery,Downtown,3,3.75,11.25
2025-04-21,April,Latte,Beverage,Downtown,3,4.5,13.5
2025-04-21,April,Espresso,Beverage,Suburban,1,3.25,3.25
2025-04-21,April,Espresso,Beverage,Uptown,1,3.25,3.25
2025-04-21,April,Espresso,Beverage,Uptown,2,3.25,6.5
2025-04-21,April,Croissant,Bakery,Suburban,2,3.75,7.5
2025-04-21,April,Croissant,Bakery,Downtown,2,3.75,7.5
2025-04-21,April,Latte,Beverage,Downtown,1,4.5,4.5
2025-04-21,April,Latte,Beverage,Downtown,1,4.5,4.5
2025-04-21,April,Latte,Beverage,Downtown,2,4.5,9.0
2025-04-21,April,Latte,Beverage,Downtown,1,4.5,4.5
2025-04-21,April,Espresso,Beverage,Uptown,2,3.25,6.5
2025-04-21,April,Muffin,Bakery,Uptown,2,3.25,6.5
2025-04-21,April,Bagel,Bakery,Suburban,1,2.95,2.95
2025-04-21,April,Bagel,Bakery,Suburban,2,2.95,5.9
2025-04-21,April,Espresso,Beverage,Uptown,3,3.25,9.75
2025-04-21,April,Latte,Beverage,Suburban,1,4.5,4.5
2025-04-22,April,Latte,Beverage,Suburban,2,4.5,9.0
2025-04-22,April,Cold Brew,Beverage,Downtown,1,4.0,4.0
2025-04-22,April,Espresso,Beverage,Suburban,3,3.25,9.75
2025-04-22,April,Bagel,Bakery,Suburban,2,2.95,5.9
2025-04-22,April,Cold Brew,Beverage,Downtown,2,4.0,8.0
2025-04-22,April,Croissant,Bakery,Downtown,2,3.75,7.5
2025-04-22,April,Croissant,Bakery,Uptown,3,3.75,11.25
2025-04-22,April,Croissant,Bakery,Downtown,1,3.75,3.75
2025-04-22,April,Espresso,Beverage,Suburban,1,3.25,3.25
2025-04-22,April,Bagel,Bakery,Uptown,2,2.95,5.9
2025-04-22,April,Croissant,Bakery,Uptown,2,3.75,7.5
2025-04-22,April,Croissant,Bakery,Uptown,3,3.75,11.25
2025-04-22,April,Croissant,Bakery,Downtown,2,3.75,7.5
2025-04-22,April,Latte,Beverage,Uptown,1,4.5,4.5
2025-04-22,April,Muffin,Bakery,Suburban,3,3.25,9.75
2025-04-22,April,Espresso,Beverage,Suburban,3,3.25,9.75
2025-04-22,April,Cold Brew,Beverage,Uptown,1,4.0,4.0
2025-04-22,April,Muffin,Bakery,Uptown,3,3.25,9.75
2025-04-22,April,Croissant,Bakery,Downtown,2,3.75,7.5
2025-04-22,April,Croissant,Bakery,Suburban,1,3.75,3.75
2025-04-22,April,Bagel,Bakery,Uptown,2,2.95,5.9
2025-04-23,April,Croissant,Bakery,Uptown,3,3.75,11.25
2025-04-23,April,Latte,Beverage,Downtown,1,4.5,4.5
2025-04-23,April,Croissant,Bakery,Uptown,2,3.75,7.5
2025-04-23,April,Latte,Beverage,Uptown,3,4.5,13.5
2025-04-23,April,Bagel,Bakery,Uptown,2,2.95,5.9
2025-04-23,April,Croissant,Bakery,Downtown,1,3.75,3.75
2025-04-23,April,Cold Brew,Beverage,Downtown,3,4.0,12.0
2025-04-23,April,Cold Brew,Beverage,Suburban,3,4.0,12.0
2025-04-23,April,Cold Brew,Beverage,Downtown,1,4.0,4.0
2025-04-23,April,Cold Brew,Beverage,Downtown,3,4.0,12.0
2025-04-23,April,Bagel,Bakery,Downtown,3,2.95,8.85
2025-04-23,April,Cold Brew,Beverage,Suburban,1,4.0,4.0
2025-04-23,April,Croissant,Bakery,Downtown,1,3.75,3.75
2025-04-23,April,Croissant,Bakery,Downtown,1,3.75,3.75
2025-04-23,April,Espresso,Beverage,Suburban,2,3.25,6.5
2025-04-23,April,Cold Brew,Beverage,Uptown,1,4.0,4.0
2025-04-23,April,Bagel,Bakery,Downtown,1,2.95,2.95
2025-04-23,April,Espresso,Beverage,Downtown,3,3.25,9.75
2025-04-23,April,Croissant,Bakery,Uptown,3,3.75,11.25
2025-04-23,April,Cold Brew,Beverage,Downtown,1,4.0,4.0
2025-04-23,April,Espresso,Beverage,Downtown,3,3.25,9.75
2025-04-23,April,Espresso,Beverage,Uptown,3,3.25,9.75
2025-04-23,April,Cold Brew,Beverage,Uptown,3,4.0,12.0
2025-04-23,April,Bagel,Bakery,Suburban,2,2.95,5.9
2025-04-23,April,Bagel,Bakery,Downtown,2,2.95,5.9
2025-04-24,April,Latte,Beverage,Uptown,1,4.5,4.5
2025-04-24,April,Bagel,Bakery,Suburban,1,2.95,2.95
2025-04-24,April,Muffin,Bakery,Uptown,3,3.25,9.75
2025-04-24,April,Latte,Beverage,Downtown,2,4.5,9.0
2025-04-24,April,Bagel,Bakery,Uptown,2,2.95,5.9
2025-04-24,April,Croissant,Bakery,Uptown,3,3.75,11.25
2025-04-24,April,Bagel,Bakery,Suburban,3,2.95,8.85
2025-04-24,April,Croissant,Bakery,Downtown,3,3.75,11.25
2025-04-24,April,Espresso,Beverage,Suburban,2,3.25,6.5
2025-04-24,April,Espresso,Beverage,Downtown,2,3.25,6.5
2025-04-24,April,Cold Brew,Beverage,Suburban,1,4.0,4.0
2025-04-24,April,Muffin,Bakery,Suburban,3,3.25,9.75
2025-04-24,April,Latte,Beverage,Downtown,2,4.5,9.0
2025-04-24,April,Cold Brew,Beverage,Suburban,2,4.0,8.0
2025-04-24,April,Espresso,Beverage,Uptown,3,3.25,9.75
2025-04-24,April,Bagel,Bakery,Uptown,2,2.95,5.9
2025-04-24,April,Muffin,Bakery,Downtown,3,3.25,9.75
2025-04-24,April,Croissant,Bakery,Uptown,1,3.75,3.75
2025-04-24,April,Muffin,Bakery,Downtown,3,3.25,9.75
2025-04-24,April,Cold Brew,Beverage,Uptown,2,4.0,8.0
2025-04-24,April,Latte,Beverage,Uptown,1,4.5,4.5
2025-04-24,April,Croissant,Bakery,Uptown,3,3.75,11.25
2025-04-24,April,Cold Brew,Beverage,Suburban,2,4.0,8.0
2025-04-24,April,Cold Brew,Beverage,Downtown,2,4.0,8.0
2025-04-24,April,Bagel,Bakery,Downtown,3,2.95,8.85
2025-04-24,April,Cold Brew,Beverage,Suburban,1,4.0,4.0
2025-04-24,April,Espresso,Beverage,Downtown,1,3.25,3.25
2025-04-24,April,Croissant,Bakery,Uptown,1,3.75,3.75
2025-04-24,April,Muffin,Bakery,Downtown,3,3.25,9.75
2025-04-25,April,Espresso,Beverage,Uptown,3,3.25,9.75
2025-04-25,April,Croissant,Bakery,Uptown,3,3.75,11.25
2025-04-25,April,Latte,Beverage,Suburban,2,4.5,9.0
2025-04-25,April,Espresso,Beverage,Uptown,2,3.25,6.5
2025-04-25,April,Espresso,Beverage,Uptown,1,3.25,3.25
2025-04-25,April,Cold Brew,Beverage,Uptown,1,4.0,4.0
2025-04-25,April,Cold Brew,Beverage,Suburban,2,4.0,8.0
2025-04-25,April,Espresso,Beverage,Downtown,2,3.25,6.5
2025-04-25,April,Bagel,Bakery,Suburban,1,2.95,2.95
2025-04-25,April,Latte,Beverage,Uptown,1,4.5,4.5
2025-04-25,April,Muffin,Bakery,Downtown,1,3.25,3.25
2025-04-25,April,Bagel,Bakery,Downtown,1,2.95,2.95
2025-04-25,April,Muffin,Bakery,Suburban,1,3.25,3.25
2025-04-25,April,Bagel,Bakery,Downtown,3,2.95,8.85
2025-04-25,April,Espresso,Beverage,Uptown,2,3.25,6.5
2025-04-25,April,Bagel,Bakery,Suburban,2,2.95,5.9
2025-04-25,April,Muffin,Bakery,Downtown,3,3.25,9.75
2025-04-26,April,Espresso,Beverage,Downtown,2,3.25,6.5
2025-04-26,April,Bagel,Bakery,Suburban,1,2.95,2.95
2025-04-26,April,Muffin,Bakery,Downtown,1,3.25,3.25
2025-04-26,April,Cold Brew,Beverage,Downtown,2,4.0,8.0
2025-04-26,April,Croissant,Bakery,Downtown,1,3.75,3.75
2025-04-26,April,Muffin,Bakery,Downtown,3,3.25,9.75
2025-04-26,April,Bagel,Bakery,Uptown,2,2.95,5.9
2025-04-26,April,Espresso,Beverage,Uptown,2,3.25,6.5
2025-04-26,April,Croissant,Bakery,Downtown,1,3.75,3.75
2025-04-26,April,Cold Brew,Beverage,Downtown,1,4.0,4.0
2025-04-26,April,Croissant,Bakery,Uptown,3,3.75,11.25
2025-04-26,April,Espresso,Beverage,Uptown,3,3.25,9.75
2025-04-26,April,Muffin,Bakery,Uptown,1,3.25,3.25
2025-04-26,April,Espresso,Beverage,Downtown,2,3.25,6.5
2025-04-26,April,Bagel,Bakery,Uptown,1,2.95,2.95
2025-04-26,April,Espresso,Beverage,Uptown,3,3.25,9.75
2025-04-27,April,Croissant,Bakery,Downtown,2,3.75,7.5
2025-04-27,April,Croissant,Bakery,Downtown,2,3.75,7.5
2025-04-27,April,Croissant,Bakery,Downtown,1,3.75,3.75
2025-04-27,April,Espresso,Beverage,Downtown,2,3.25,6.5
2025-04-27,April,Espresso,Beverage,Downtown,2,3.25,6.5
2025-04-27,April,Espresso,Beverage,Downtown,2,3.25,6.5
2025-04-27,April,Bagel,Bakery,Suburban,2,2.95,5.9
2025-04-27,April,Bagel,Bakery,Uptown,3,2.95,8.85
2025-04-27,April,Cold Brew,Beverage,Downtown,3,4.0,12.0
2025-04-27,April,Bagel,Bakery,Downtown,1,2.95,2.95
2025-04-27,April,Latte,Beverage,Downtown,1,4.5,4.5
2025-04-27,April,Muffin,Bakery,Suburban,1,3.25,3.25
2025-04-27,April,Cold Brew,Beverage,Uptown,3,4.0,12.0
2025-04-27,April,Espresso,Beverage,Uptown,1,3.25,3.25
2025-04-27,April,Muffin,Bakery,Uptown,1,3.25,3.25
2025-04-27,April,Bagel,Bakery,Uptown,3,2.95,8.85
2025-04-27,April,Latte,Beverage,Uptown,1,4.5,4.5
2025-04-27,April,Croissant,Bakery,Downtown,1,3.75,3.75
2025-04-27,April,Cold Brew,Beverage,Downtown,3,4.0,12.0
2025-04-27,April,Cold Brew,Beverage,Downtown,1,4.0,4.0
2025-04-27,April,Croissant,Bakery,Downtown,1,3.75,3.75
2025-04-27,April,Bagel,Bakery,Downtown,1,2.95,2.95
2025-04-27,April,Bagel,Bakery,Downtown,2,2.95,5.9
2025-04-27,April,Cold Brew,Beverage,Downtown,2,4.0,8.0
2025-04-27,April,Croissant,Bakery,Downtown,2,3.75,7.5
2025-04-27,April,Muffin,Bakery,Suburban,2,3.25,6.5
2025-04-27,April,Espresso,Beverage,Suburban,1,3.25,3.25
2025-04-27,April,Bagel,Bakery,Suburban,1,2.95,2.95
2025-04-27,April,Latte,Beverage,Downtown,2,4.5,9.0
2025-04-28,April,Bagel,Bakery,Suburban,3,2.95,8.85
2025-04-28,April,Latte,Beverage,Uptown,3,4.5,13.5
2025-04-28,April,Croissant,Bakery,Uptown,3,3.75,11.25
2025-04-28,April,Croissant,Bakery,Uptown,2,3.75,7.5
2025-04-28,April,Bagel,Bakery,Uptown,2,2.95,5.9
2025-04-28,April,Latte,Beverage,Suburban,2,4.5,9.0
2025-04-28,April,Croissant,Bakery,Uptown,1,3.75,3.75
2025-04-28,April,Muffin,Bakery,Downtown,1,3.25,3.25
2025-04-28,April,Cold Brew,Beverage,Downtown,2,4.0,8.0
2025-04-28,April,Muffin,Bakery,Uptown,3,3.25,9.75
2025-04-28,April,Cold Brew,Beverage,Suburban,1,4.0,4.0
2025-04-28,April,Bagel,Bakery,Uptown,2,2.95,5.9
2025-04-28,April,Muffin,Bakery,Downtown,3,3.25,9.75
2025-04-28,April,Muffin,Bakery,Suburban,3,3.25,9.75
2025-04-28,April,Cold Brew,Beverage,Downtown,2,4.0,8.0
2025-04-28,April,Croissant,Bakery,Uptown,1,3.75,3.75
2025-04-28,April,Latte,Beverage,Uptown,2,4.5,9.0
2025-04-28,April,Espresso,Beverage,Uptown,3,3.25,9.75
2025-04-28,April,Bagel,Bakery,Suburban,1,2.95,2.95
2025-04-28,April,Latte,Beverage,Uptown,2,4.5,9.0
2025-04-28,April,Cold Brew,Beverage,Suburban,2,4.0,8.0
2025-04-29,April,Bagel,Bakery,Downtown,1,2.95,2.95
2025-04-29,April,Latte,Beverage,Downtown,3,4.5,13.5
2025-04-29,April,Cold Brew,Beverage,Suburban,2,4.0,8.0
2025-04-29,April,Cold Brew,Beverage,Suburban,3,4.0,12.0
2025-04-29,April,Muffin,Bakery,Downtown,3,3.25,9.75
2025-04-29,April,Cold Brew,Beverage,Downtown,2,4.0,8.0
2025-04-29,April,Espresso,Beverage,Suburban,1,3.25,3.25
2025-04-29,April,Croissant,Bakery,Suburban,1,3.75,3.75
2025-04-29,April,Muffin,Bakery,Suburban,3,3.25,9.75
2025-04-29,April,Bagel,Bakery,Suburban,1,2.95,2.95
2025-04-29,April,Cold Brew,Beverage,Uptown,2,4.0,8.0
2025-04-29,April,Croissant,Bakery,Suburban,2,3.75,7.5
2025-04-29,April,Latte,Beverage,Downtown,1,4.5,4.5
2025-04-29,April,Muffin,Bakery,Uptown,2,3.25,6.5
2025-04-29,April,Croissant,Bakery,Uptown,2,3.75,7.5
2025-04-29,April,Espresso,Beverage,Suburban,1,3.25,3.25
2025-04-29,April,Cold Brew,Beverage,Uptown,1,4.0,4.0
2025-04-29,April,Cold Brew,Beverage,Downtown,1,4.0,4.0
2025-04-29,April,Muffin,Bakery,Downtown,1,3.25,3.25
2025-04-30,April,Croissant,Bakery,Suburban,3,3.75,11.25
2025-04-30,April,Latte,Beverage,Downtown,2,4.5,9.0
2025-04-30,April,Croissant,Bakery,Downtown,1,3.75,3.75
2025-04-30,April,Muffin,Bakery,Uptown,1,3.25,3.25
2025-04-30,April,Espresso,Beverage,Suburban,3,3.25,9.75
2025-04-30,April,Croissant,Bakery,Uptown,3,3.75,11.25
2025-04-30,April,Latte,Beverage,Downtown,1,4.5,4.5
2025-04-30,April,Latte,Beverage,Downtown,1,4.5,4.5
2025-04-30,April,Croissant,Bakery,Uptown,1,3.75,3.75
2025-04-30,April,Cold Brew,Beverage,Uptown,3,4.0,12.0
2025-04-30,April,Bagel,Bakery,Downtown,2,2.95,5.9
2025-04-30,April,Croissant,Bakery,Uptown,2,3.75,7.5
2025-04-30,April,Croissant,Bakery,Downtown,2,3.75,7.5
2025-04-30,April,Latte,Beverage,Suburban,3,4.5,13.5
2025-04-30,April,Espresso,Beverage,Suburban,3,3.25,9.75
2025-04-30,April,Espresso,Beverage,Uptown,3,3.25,9.75
2025-04-30,April,Bagel,Bakery,Uptown,2,2.95,5.9
2025-04-30,April,Latte,Beverage,Uptown,1,4.5,4.5
2025-04-30,April,Muffin,Bakery,Suburban,3,3.25,9.75
2025-04-30,April,Croissant,Bakery,Uptown,2,3.75,7.5
2025-04-30,April,Muffin,Bakery,Downtown,1,3.25,3.25
2025-04-30,April,Bagel,Bakery,Uptown,2,2.95,5.9
2025-05-01,May,Bagel,Bakery,Uptown,1,2.95,2.95
2025-05-01,May,Cold Brew,Beverage,Suburban,3,4.0,12.0
2025-05-01,May,Croissant,Bakery,Uptown,3,3.75,11.25
2025-05-01,May,Bagel,Bakery,Uptown,2,2.95,5.9
2025-05-01,May,Cold Brew,Beverage,Uptown,3,4.0,12.0
2025-05-01,May,Espresso,Beverage,Uptown,1,3.25,3.25
2025-05-01,May,Muffin,Bakery,Uptown,2,3.25,6.5
2025-05-01,May,Muffin,Bakery,Suburban,2,3.25,6.5
2025-05-01,May,Croissant,Bakery,Suburban,3,3.75,11.25
2025-05-01,May,Croissant,Bakery,Uptown,1,3.75,3.75
2025-05-01,May,Espresso,Beverage,Downtown,2,3.25,6.5
2025-05-01,May,Croissant,Bakery,Downtown,2,3.75,7.5
2025-05-01,May,Espresso,Beverage,Downtown,2,3.25,6.5
2025-05-01,May,Bagel,Bakery,Suburban,3,2.95,8.85
2025-05-01,May,Latte,Beverage,Uptown,3,4.5,13.5
2025-05-01,May,Cold Brew,Beverage,Uptown,1,4.0,4.0
2025-05-01,May,Muffin,Bakery,Downtown,1,3.25,3.25
2025-05-01,May,Cold Brew,Beverage,Uptown,2,4.0,8.0
2025-05-01,May,Cold Brew,Beverage,Downtown,1,4.0,4.0
2025-05-01,May,Espresso,Beverage,Suburban,1,3.25,3.25
2025-05-01,May,Muffin,Bakery,Downtown,2,3.25,6.5
2025-05-01,May,Cold Brew,Beverage,Downtown,3,4.0,12.0
2025-05-01,May,Cold Brew,Beverage,Downtown,2,4.0,8.0
2025-05-01,May,Cold Brew,Beverage,Uptown,2,4.0,8.0
2025-05-01,May,Muffin,Bakery,Downtown,2,3.25,6.5
2025-05-01,May,Espresso,Beverage,Suburban,2,3.25,6.5
2025-05-01,May,Espresso,Beverage,Suburban,1,3.25,3.25
2025-05-02,May,Latte,Beverage,Uptown,1,4.5,4.5
2025-05-02,May,Croissant,Bakery,Downtown,2,3.75,7.5
2025-05-02,May,Croissant,Bakery,Downtown,3,3.75,11.25
2025-05-02,May,Cold Brew,Beverage,Uptown,1,4.0,4.0
2025-05-02,May,Espresso,Beverage,Suburban,1,3.25,3.25
2025-05-02,May,Espresso,Beverage,Uptown,3,3.25,9.75
2025-05-02,May,Cold Brew,Beverage,Uptown,2,4.0,8.0
2025-05-02,May,Cold Brew,Beverage,Suburban,3,4.0,12.0
2025-05-02,May,Latte,Beverage,Downtown,3,4.5,13.5
2025-05-02,May,Bagel,Bakery,Downtown,1,2.95,2.95
2025-05-02,May,Muffin,Bakery,Downtown,3,3.25,9.75
2025-05-02,May,Croissant,Bakery,Uptown,2,3.75,7.5
2025-05-02,May,Croissant,Bakery,Suburban,3,3.75,11.25
2025-05-02,May,Croissant,Bakery,Suburban,3,3.75,11.25
2025-05-02,May,Latte,Beverage,Suburban,3,4.5,13.5
2025-05-02,May,Espresso,Beverage,Suburban,3,3.25,9.75
2025-05-02,May,Cold Brew,Beverage,Uptown,2,4.0,8.0
2025-05-02,May,Bagel,Bakery,Suburban,3,2.95,8.85
2025-05-02,May,Croissant,Bakery,Suburban,1,3.75,3.75
2025-05-02,May,Espresso,Beverage,Downtown,1,3.25,3.25
2025-05-02,May,Bagel,Bakery,Downtown,2,2.95,5.9
2025-05-03,May,Cold Brew,Beverage,Suburban,3,4.0,12.0
2025-05-03,May,Croissant,Bakery,Suburban,2,3.75,7.5
2025-05-03,May,Bagel,Bakery,Suburban,1,2.95,2.95
2025-05-03,May,Croissant,Bakery,Downtown,3,3.75,11.25
2025-05-03,May,Espresso,Beverage,Suburban,3,3.25,9.75
2025-05-03,May,Latte,Beverage,Downtown,3,4.5,13.5
2025-05-03,May,Muffin,Bakery,Downtown,1,3.25,3.25
2025-05-03,May,Muffin,Bakery,Downtown,3,3.25,9.75
2025-05-03,May,Espresso,Beverage,Downtown,2,3.25,6.5
2025-05-03,May,Muffin,Bakery,Suburban,3,3.25,9.75
2025-05-03,May,Latte,Beverage,Suburban,1,4.5,4.5
2025-05-03,May,Espresso,Beverage,Uptown,2,3.25,6.5
2025-05-03,May,Muffin,Bakery,Suburban,1,3.25,3.25
2025-05-03,May,Muffin,Bakery,Uptown,1,3.25,3.25
2025-05-03,May,Espresso,Beverage,Downtown,2,3.25,6.5
2025-05-03,May,Espresso,Beverage,Uptown,2,3.25,6.5
2025-05-04,May,Latte,Beverage,Suburban,1,4.5,4.5
2025-05-04,May,Cold Brew,Beverage,Downtown,1,4.0,4.0
2025-05-04,May,Bagel,Bakery,Suburban,1,2.95,2.95
2025-05-04,May,Cold Brew,Beverage,Downtown,1,4.0,4.0
2025-05-04,May,Espresso,Beverage,Uptown,3,3.25,9.75
2025-05-04,May,Cold Brew,Beverage,Suburban,1,4.0,4.0
2025-05-04,May,Latte,Beverage,Suburban,2,4.5,9.0
2025-05-04,May,Muffin,Bakery,Suburban,2,3.25,6.5
2025-05-04,May,Latte,Beverage,Uptown,3,4.5,13.5
2025-05-04,May,Cold Brew,Beverage,Suburban,1,4.0,4.0
2025-05-04,May,Bagel,Bakery,Downtown,3,2.95,8.85
2025-05-04,May,Cold Brew,Beverage,Uptown,3,4.0,12.0
2025-05-04,May,Muffin,Bakery,Downtown,3,3.25,9.75
2025-05-04,May,Croissant,Bakery,Uptown,1,3.75,3.75
2025-05-04,May,Cold Brew,Beverage,Suburban,3,4.0,12.0
2025-05-04,May,Cold Brew,Beverage,Uptown,2,4.0,8.0
2025-05-05,May,Croissant,Bakery,Suburban,3,3.75,11.25
2025-05-05,May,Muffin,Bakery,Uptown,1,3.25,3.25
2025-05-05,May,Cold Brew,Beverage,Uptown,2,4.0,8.0
2025-05-05,May,Muffin,Bakery,Downtown,2,3.25,6.5
2025-05-05,May,Cold Brew,Beverage,Downtown,3,4.0,12.0
2025-05-05,May,Espresso,Beverage,Downtown,3,3.25,9.75
2025-05-05,May,Croissant,Bakery,Downtown,3,3.75,11.25
2025-05-05,May,Cold Brew,Beverage,Downtown,1,4.0,4.0
2025-05-05,May,Espresso,Beverage,Uptown,1,3.25,3.25
2025-05-05,May,Croissant,Bakery,Suburban,1,3.75,3.75
2025-05-05,May,Muffin,Bakery,Suburban,1,3.25,3.25
2025-05-05,May,Espresso,Beverage,Uptown,2,3.25,6.5
2025-05-05,May,Croissant,Bakery,Suburban,3,3.75,11.25
2025-05-05,May,Latte,Beverage,Suburban,2,4.5,9.0
2025-05-05,May,Muffin,Bakery,Uptown,3,3.25,9.75
2025-05-05,May,Latte,Beverage,Suburban,2,4.5,9.0
2025-05-05,May,Bagel,Bakery,Suburban,3,2.95,8.85
2025-05-05,May,Croissant,Bakery,Uptown,1,3.75,3.75
2025-05-05,May,Cold Brew,Beverage,Uptown,3,4.0,12.0
2025-05-05,May,Muffin,Bakery,Suburban,1,3.25,3.25
2025-05-05,May,Croissant,Bakery,Uptown,3,3.75,11.25
2025-05-05,May,Cold Brew,Beverage,Suburban,1,4.0,4.0
2025-05-05,May,Muffin,Bakery,Downtown,3,3.25,9.75
2025-05-05,May,Latte,Beverage,Downtown,3,4.5,13.5
2025-05-06,May,Cold Brew,Beverage,Suburban,3,4.0,12.0
2025-05-06,May,Bagel,Bakery,Uptown,1,2.95,2.95
2025-05-06,May,Muffin,Bakery,Downtown,3,3.25,9.75
2025-05-06,May,Bagel,Bakery,Downtown,2,2.95,5.9
2025-05-06,May,Croissant,Bakery,Downtown,3,3.75,11.25
2025-05-06,May,Espresso,Beverage,Suburban,3,3.25,9.75
2025-05-06,May,Espresso,Beverage,Suburban,3,3.25,9.75
2025-05-06,May,Bagel,Bakery,Uptown,1,2.95,2.95
2025-05-06,May,Bagel,Bakery,Uptown,3,2.95,8.85
2025-05-06,May,Latte,Beverage,Downtown,1,4.5,4.5
2025-05-06,May,Espresso,Beverage,Downtown,1,3.25,3.25
2025-05-06,May,Muffin,Bakery,Uptown,2,3.25,6.5
2025-05-06,May,Muffin,Bakery,Uptown,2,3.25,6.5
2025-05-06,May,Latte,Beverage,Downtown,2,4.5,9.0
2025-05-06,May,Croissant,Bakery,Uptown,3,3.75,11.25
2025-05-06,May,Latte,Beverage,Suburban,3,4.5,13.5
2025-05-06,May,Cold Brew,Beverage,Suburban,1,4.0,4.0
2025-05-06,May,Latte,Beverage,Downtown,3,4.5,13.5
2025-05-06,May,Cold Brew,Beverage,Downtown,3,4.0,12.0
2025-05-06,May,Latte,Beverage,Uptown,1,4.5,4.5
2025-05-06,May,Croissant,Bakery,Uptown,1,3.75,3.75
2025-05-06,May,Muffin,Bakery,Downtown,3,3.25,9.75
2025-05-07,May,Espresso,Beverage,Suburban,2,3.25,6.5
2025-05-07,May,Muffin,Bakery,Downtown,1,3.25,3.25
2025-05-07,May,Muffin,Bakery,Downtown,3,3.25,9.75
2025-05-07,May,Espresso,Beverage,Uptown,2,3.25,6.5
2025-05-07,May,Cold Brew,Beverage,Suburban,3,4.0,12.0
2025-05-07,May,Muffin,Bakery,Suburban,1,3.25,3.25
2025-05-07,May,Muffin,Bakery,Uptown,2,3.25,6.5
2025-05-07,May,Muffin,Bakery,Uptown,3,3.25,9.75
2025-05-07,May,Espresso,Beverage,Suburban,2,3.25,6.5
2025-05-07,May,Espresso,Beverage,Downtown,3,3.25,9.75
2025-05-07,May,Bagel,Bakery,Downtown,2,2.95,5.9
2025-05-07,May,Espresso,Beverage,Suburban,1,3.25,3.25
2025-05-07,May,Cold Brew,Beverage,Downtown,3,4.0,12.0
2025-05-07,May,Bagel,Bakery,Downtown,3,2.95,8.85
2025-05-07,May,Croissant,Bakery,Downtown,3,3.75,11.25
2025-05-07,May,Espresso,Beverage,Uptown,3,3.25,9.75
2025-05-07,May,Espresso,Beverage,Suburban,3,3.25,9.75
2025-05-07,May,Espresso,Beverage,Downtown,1,3.25,3.25
2025-05-07,May,Bagel,Bakery,Suburban,1,2.95,2.95
2025-05-07,May,Croissant,Bakery,Suburban,2,3.75,7.5
2025-05-07,May,Bagel,Bakery,Downtown,1,2.95,2.95
2025-05-07,May,Espresso,Beverage,Uptown,3,3.25,9.75
2025-05-07,May,Espresso,Beverage,Uptown,1,3.25,3.25
2025-05-07,May,Muffin,Bakery,Suburban,2,3.25,6.5
2025-05-08,May,Muffin,Bakery,Suburban,2,3.25,6.5
2025-05-08,May,Muffin,Bakery,Uptown,2,3.25,6.5
2025-05-08,May,Muffin,Bakery,Downtown,2,3.25,6.5
2025-05-08,May,Bagel,Bakery,Suburban,1,2.95,2.95
2025-05-08,May,Croissant,Bakery,Downtown,2,3.75,7.5
2025-05-08,May,Cold Brew,Beverage,Downtown,3,4.0,12.0
2025-05-08,May,Muffin,Bakery,Suburban,3,3.25,9.75
2025-05-08,May,Croissant,Bakery,Suburban,1,3.75,3.75
2025-05-08,May,Cold Brew,Beverage,Suburban,2,4.0,8.0
2025-05-08,May,Muffin,Bakery,Suburban,1,3.25,3.25
2025-05-08,May,Croissant,Bakery,Uptown,3,3.75,11.25
2025-05-08,May,Bagel,Bakery,Suburban,3,2.95,8.85
2025-05-08,May,Muffin,Bakery,Downtown,2,3.25,6.5
2025-05-08,May,Cold Brew,Beverage,Suburban,2,4.0,8.0
2025-05-08,May,Croissant,Bakery,Downtown,2,3.75,7.5
2025-05-08,May,Muffin,Bakery,Downtown,2,3.25,6.5
2025-05-08,May,Latte,Beverage,Downtown,3,4.5,13.5
2025-05-08,May,Cold Brew,Beverage,Downtown,2,4.0,8.0
2025-05-08,May,Espresso,Beverage,Uptown,3,3.25,9.75
2025-05-08,May,Latte,Beverage,Uptown,1,4.5,4.5
2025-05-08,May,Muffin,Bakery,Downtown,3,3.25,9.75
2025-05-08,May,Muffin,Bakery,Downtown,3,3.25,9.75
2025-05-08,May,Espresso,Beverage,Uptown,3,3.25,9.75
2025-05-08,May,Muffin,Bakery,Downtown,1,3.25,3.25
2025-05-08,May,Latte,Beverage,Uptown,1,4.5,4.5
2025-05-08,May,Espresso,Beverage,Uptown,3,3.25,9.75
2025-05-08,May,Bagel,Bakery,Downtown,2,2.95,5.9
2025-05-08,May,Croissant,Bakery,Suburban,1,3.75,3.75
2025-05-08,May,Muffin,Bakery,Uptown,1,3.25,3.25
2025-05-09,May,Latte,Beverage,Suburban,1,4.5,4.5
2025-05-09,May,Latte,Beverage,Downtown,2,4.5,9.0
2025-05-09,May,Croissant,Bakery,Uptown,1,3.75,3.75
2025-05-09,May,Croissant,Bakery,Uptown,2,3.75,7.5
2025-05-09,May,Latte,Beverage,Suburban,2,4.5,9.0
2025-05-09,May,Cold Brew,Beverage,Suburban,1,4.0,4.0
2025-05-09,May,Muffin,Bakery,Suburban,3,3.25,9.75
2025-05-09,May,Muffin,Bakery,Uptown,3,3.25,9.75
2025-05-09,May,Espresso,Beverage,Downtown,2,3.25,6.5
2025-05-09,May,Muffin,Bakery,Suburban,2,3.25,6.5
2025-05-09,May,Croissant,Bakery,Suburban,2,3.75,7.5
2025-05-09,May,Cold Brew,Beverage,Uptown,2,4.0,8.0
2025-05-09,May,Bagel,Bakery,Downtown,3,2.95,8.85
2025-05-09,May,Cold Brew,Beverage,Uptown,2,4.0,8.0
2025-05-09,May,Espresso,Beverage,Suburban,3,3.25,9.75
2025-05-09,May,Latte,Beverage,Uptown,1,4.5,4.5
2025-05-09,May,Latte,Beverage,Suburban,3,4.5,13.5
2025-05-09,May,Bagel,Bakery,Suburban,2,2.95,5.9
2025-05-09,May,Espresso,Beverage,Downtown,1,3.25,3.25
2025-05-09,May,Muffin,Bakery,Downtown,2,3.25,6.5
2025-05-09,May,Latte,Beverage,Downtown,2,4.5,9.0
2025-05-09,May,Croissant,Bakery,Downtown,2,3.75,7.5
2025-05-09,May,Latte,Beverage,Uptown,2,4.5,9.0
2025-05-10,May,Cold Brew,Beverage,Downtown,2,4.0,8.0
2025-05-10,May,Croissant,Bakery,Downtown,1,3.75,3.75
2025-05-10,May,Latte,Beverage,Downtown,1,4.5,4.5
2025-05-10,May,Bagel,Bakery,Suburban,1,2.95,2.95
2025-05-10,May,Bagel,Bakery,Suburban,3,2.95,8.85
2025-05-10,May,Espresso,Beverage,Suburban,2,3.25,6.5
2025-05-10,May,Croissant,Bakery,Uptown,1,3.75,3.75
2025-05-10,May,Muffin,Bakery,Uptown,3,3.25,9.75
2025-05-10,May,Latte,Beverage,Downtown,1,4.5,4.5
2025-05-10,May,Cold Brew,Beverage,Uptown,1,4.0,4.0
2025-05-10,May,Espresso,Beverage,Downtown,1,3.25,3.25
2025-05-10,May,Espresso,Beverage,Suburban,3,3.25,9.75
2025-05-10,May,Bagel,Bakery,Downtown,2,2.95,5.9
2025-05-10,May,Bagel,Bakery,Suburban,2,2.95,5.9
2025-05-10,May,Cold Brew,Beverage,Uptown,2,4.0,8.0
2025-05-10,May,Latte,Beverage,Suburban,2,4.5,9.0
2025-05-10,May,Espresso,Beverage,Suburban,1,3.25,3.25
2025-05-10,May,Croissant,Bakery,Uptown,3,3.75,11.25
2025-05-11,May,Bagel,Bakery,Downtown,2,2.95,5.9
2025-05-11,May,Croissant,Bakery,Uptown,1,3.75,3.75
2025-05-11,May,Muffin,Bakery,Suburban,1,3.25,3.25
2025-05-11,May,Croissant,Bakery,Downtown,1,3.75,3.75
2025-05-11,May,Muffin,Bakery,Suburban,3,3.25,9.75
2025-05-11,May,Cold Brew,Beverage,Uptown,2,4.0,8.0
2025-05-11,May,Cold Brew,Beverage,Downtown,1,4.0,4.0
2025-05-11,May,Bagel,Bakery,Downtown,2,2.95,5.9
2025-05-11,May,Bagel,Bakery,Uptown,1,2.95,2.95
2025-05-11,May,Espresso,Beverage,Uptown,2,3.25,6.5
2025-05-11,May,Bagel,Bakery,Suburban,3,2.95,8.85
2025-05-11,May,Latte,Beverage,Suburban,1,4.5,4.5
2025-05-11,May,Bagel,Bakery,Downtown,1,2.95,2.95
2025-05-11,May,Croissant,Bakery,Downtown,1,3.75,3.75
2025-05-11,May,Bagel,Bakery,Downtown,2,2.95,5.9
2025-05-11,May,Croissant,Bakery,Uptown,2,3.75,7.5
2025-05-11,May,Bagel,Bakery,Uptown,1,2.95,2.95
2025-05-11,May,Muffin,Bakery,Suburban,2,3.25,6.5
2025-05-11,May,Cold Brew,Beverage,Suburban,2,4.0,8.0
2025-05-11,May,Croissant,Bakery,Suburban,3,3.75,11.25
2025-05-11,May,Muffin,Bakery,Uptown,1,3.25,3.25
2025-05-11,May,Bagel,Bakery,Downtown,2,2.95,5.9
2025-05-11,May,Latte,Beverage,Downtown,3,4.5,13.5
2025-05-11,May,Espresso,Beverage,Downtown,3,3.25,9.75
2025-05-12,May,Croissant,Bakery,Uptown,3,3.75,11.25
2025-05-12,May,Bagel,Bakery,Downtown,3,2.95,8.85
2025-05-12,May,Bagel,Bakery,Downtown,3,2.95,8.85
2025-05-12,May,Espresso,Beverage,Downtown,1,3.25,3.25
2025-05-12,May,Cold Brew,Beverage,Uptown,3,4.0,12.0
2025-05-12,May,Espresso,Beverage,Downtown,2,3.25,6.5
2025-05-12,May,Bagel,Bakery,Suburban,1,2.95,2.95
2025-05-12,May,Cold Brew,Beverage,Suburban,1,4.0,4.0
2025-05-12,May,Cold Brew,Beverage,Uptown,3,4.0,12.0
2025-05-12,May,Muffin,Bakery,Downtown,2,3.25,6.5
2025-05-12,May,Espresso,Beverage,Uptown,2,3.25,6.5
2025-05-12,May,Muffin,Bakery,Suburban,2,3.25,6.5
2025-05-12,May,Latte,Beverage,Suburban,2,4.5,9.0
2025-05-12,May,Espresso,Beverage,Suburban,1,3.25,3.25
2025-05-12,May,Croissant,Bakery,Uptown,3,3.75,11.25
2025-05-12,May,Bagel,Bakery,Suburban,3,2.95,8.85
2025-05-12,May,Espresso,Beverage,Downtown,2,3.25,6.5
2025-05-12,May,Latte,Beverage,Uptown,1,4.5,4.5
2025-05-12,May,Cold Brew,Beverage,Downtown,3,4.0,12.0
2025-05-12,May,Croissant,Bakery,Suburban,3,3.75,11.25
2025-05-12,May,Latte,Beverage,Downtown,3,4.5,13.5
2025-05-12,May,Croissant,Bakery,Suburban,2,3.75,7.5
2025-05-12,May,Muffin,Bakery,Suburban,3,3.25,9.75
2025-05-12,May,Cold Brew,Beverage,Downtown,3,4.0,12.0
2025-05-12,May,Croissant,Bakery,Suburban,1,3.75,3.75
2025-05-12,May,Bagel,Bakery,Suburban,3,2.95,8.85
2025-05-13,May,Bagel,Bakery,Suburban,2,2.95,5.9
2025-05-13,May,Muffin,Bakery,Downtown,2,3.25,6.5
2025-05-13,May,Croissant,Bakery,Suburban,2,3.75,7.5
2025-05-13,May,Cold Brew,Beverage,Uptown,2,4.0,8.0
2025-05-13,May,Espresso,Beverage,Downtown,1,3.25,3.25
2025-05-13,May,Croissant,Bakery,Suburban,2,3.75,7.5
2025-05-13,May,Muffin,Bakery,Downtown,1,3.25,3.25
2025-05-13,May,Cold Brew,Beverage,Downtown,3,4.0,12.0
2025-05-13,May,Latte,Beverage,Uptown,1,4.5,4.5
2025-05-13,May,Bagel,Bakery,Uptown,3,2.95,8.85
2025-05-13,May,Espresso,Beverage,Uptown,2,3.25,6.5
2025-05-13,May,Latte,Beverage,Suburban,3,4.5,13.5
2025-05-13,May,Latte,Beverage,Downtown,1,4.5,4.5
2025-05-13,May,Muffin,Bakery,Downtown,2,3.25,6.5
2025-05-13,May,Latte,Beverage,Uptown,1,4.5,4.5
2025-05-13,May,Muffin,Bakery,Downtown,1,3.25,3.25
2025-05-13,May,Cold Brew,Beverage,Uptown,3,4.0,12.0
2025-05-13,May,Latte,Beverage,Suburban,1,4.5,4.5
2025-05-14,May,Muffin,Bakery,Suburban,2,3.25,6.5
2025-05-14,May,Cold Brew,Beverage,Uptown,1,4.0,4.0
2025-05-14,May,Muffin,Bakery,Suburban,2,3.25,6.5
2025-05-14,May,Bagel,Bakery,Downtown,1,2.95,2.95
2025-05-14,May,Latte,Beverage,Suburban,3,4.5,13.5
2025-05-14,May,Espresso,Beverage,Uptown,1,3.25,3.25
2025-05-14,May,Croissant,Bakery,Suburban,3,3.75,11.25
2025-05-14,May,Latte,Beverage,Uptown,1,4.5,4.5
2025-05-14,May,Croissant,Bakery,Uptown,3,3.75,11.25
2025-05-14,May,Croissant,Bakery,Downtown,1,3.75,3.75
2025-05-14,May,Bagel,Bakery,Downtown,3,2.95,8.85
2025-05-14,May,Muffin,Bakery,Uptown,2,3.25,6.5
2025-05-14,May,Bagel,Bakery,Downtown,3,2.95,8.85
2025-05-14,May,Latte,Beverage,Suburban,3,4.5,13.5
2025-05-14,May,Espresso,Beverage,Uptown,3,3.25,9.75
2025-05-14,May,Croissant,Bakery,Suburban,1,3.75,3.75
2025-05-14,May,Muffin,Bakery,Suburban,2,3.25,6.5
2025-05-14,May,Bagel,Bakery,Suburban,3,2.95,8.85
2025-05-14,May,Bagel,Bakery,Suburban,3,2.95,8.85
2025-05-14,May,Croissant,Bakery,Downtown,3,3.75,11.25
2025-05-14,May,Croissant,Bakery,Suburban,2,3.75,7.5
2025-05-14,May,Espresso,Beverage,Downtown,2,3.25,6.5
2025-05-14,May,Bagel,Bakery,Downtown,3,2.95,8.85
2025-05-14,May,Bagel,Bakery,Suburban,2,2.95,5.9
2025-05-14,May,Muffin,Bakery,Downtown,1,3.25,3.25
2025-05-14,May,Cold Brew,Beverage,Downtown,1,4.0,4.0
2025-05-14,May,Bagel,Bakery,Uptown,3,2.95,8.85
2025-05-15,May,Latte,Beverage,Downtown,3,4.5,13.5
2025-05-15,May,Espresso,Beverage,Uptown,2,3.25,6.5
2025-05-15,May,Croissant,Bakery,Suburban,2,3.75,7.5
2025-05-15,May,Croissant,Bakery,Uptown,3,3.75,11.25
2025-05-15,May,Croissant,Bakery,Suburban,2,3.75,7.5
2025-05-15,May,Muffin,Bakery,Suburban,1,3.25,3.25
2025-05-15,May,Bagel,Bakery,Downtown,3,2.95,8.85
2025-05-15,May,Muffin,Bakery,Downtown,1,3.25,3.25
2025-05-15,May,Bagel,Bakery,Suburban,1,2.95,2.95
2025-05-15,May,Cold Brew,Beverage,Downtown,1,4.0,4.0
2025-05-15,May,Muffin,Bakery,Uptown,3,3.25,9.75
2025-05-15,May,Muffin,Bakery,Uptown,1,3.25,3.25
2025-05-15,May,Latte,Beverage,Downtown,2,4.5,9.0
2025-05-15,May,Cold Brew,Beverage,Uptown,2,4.0,8.0
2025-05-15,May,Cold Brew,Beverage,Uptown,2,4.0,8.0
2025-05-15,May,Latte,Beverage,Uptown,1,4.5,4.5
2025-05-15,May,Bagel,Bakery,Uptown,3,2.95,8.85
2025-05-15,May,Bagel,Bakery,Uptown,3,2.95,8.85
2025-05-16,May,Croissant,Bakery,Downtown,2,3.75,7.5
2025-05-16,May,Bagel,Bakery,Downtown,3,2.95,8.85
2025-05-16,May,Cold Brew,Beverage,Downtown,1,4.0,4.0
2025-05-16,May,Latte,Beverage,Downtown,2,4.5,9.0
2025-05-16,May,Espresso,Beverage,Uptown,2,3.25,6.5
2025-05-16,May,Latte,Beverage,Downtown,2,4.5,9.0
2025-05-16,May,Muffin,Bakery,Suburban,2,3.25,6.5
2025-05-16,May,Espresso,Beverage,Uptown,3,3.25,9.75
2025-05-16,May,Espresso,Beverage,Downtown,3,3.25,9.75
2025-05-16,May,Latte,Beverage,Downtown,3,4.5,13.5
2025-05-16,May,Croissant,Bakery,Downtown,1,3.75,3.75
2025-05-16,May,Espresso,Beverage,Uptown,1,3.25,3.25
2025-05-16,May,Cold Brew,Beverage,Uptown,1,4.0,4.0
2025-05-16,May,Latte,Beverage,Suburban,2,4.5,9.0
2025-05-16,May,Muffin,Bakery,Downtown,3,3.25,9.75
2025-05-16,May,Latte,Beverage,Downtown,3,4.5,13.5
2025-05-17,May,Cold Brew,Beverage,Suburban,1,4.0,4.0
2025-05-17,May,Croissant,Bakery,Uptown,3,3.75,11.25
2025-05-17,May,Espresso,Beverage,Downtown,3,3.25,9.75
2025-05-17,May,Croissant,Bakery,Suburban,2,3.75,7.5
2025-05-17,May,Bagel,Bakery,Suburban,2,2.95,5.9
2025-05-17,May,Espresso,Beverage,Suburban,1,3.25,3.25
2025-05-17,May,Croissant,Bakery,Downtown,2,3.75,7.5
2025-05-17,May,Latte,Beverage,Suburban,3,4.5,13.5
2025-05-17,May,Bagel,Bakery,Uptown,2,2.95,5.9
2025-05-17,May,Espresso,Beverage,Uptown,1,3.25,3.25
2025-05-17,May,Croissant,Bakery,Uptown,1,3.75,3.75
2025-05-17,May,Croissant,Bakery,Suburban,3,3.75,11.25
2025-05-17,May,Cold Brew,Beverage,Suburban,2,4.0,8.0
2025-05-17,May,Muffin,Bakery,Suburban,1,3.25,3.25
2025-05-17,May,Espresso,Beverage,Downtown,2,3.25,6.5
2025-05-17,May,Bagel,Bakery,Suburban,1,2.95,2.95
2025-05-17,May,Latte,Beverage,Uptown,1,4.5,4.5
2025-05-17,May,Muffin,Bakery,Downtown,1,3.25,3.25
2025-05-17,May,Espresso,Beverage,Downtown,2,3.25,6.5
2025-05-17,May,Muffin,Bakery,Suburban,1,3.25,3.25
2025-05-17,May,Bagel,Bakery,Suburban,3,2.95,8.85
2025-05-17,May,Bagel,Bakery,Uptown,1,2.95,2.95
2025-05-17,May,Muffin,Bakery,Suburban,2,3.25,6.5
2025-05-17,May,Muffin,Bakery,Downtown,3,3.25,9.75
2025-05-17,May,Cold Brew,Beverage,Downtown,1,4.0,4.0
2025-05-17,May,Latte,Beverage,Uptown,2,4.5,9.0
2025-05-17,May,Bagel,Bakery,Suburban,3,2.95,8.85
2025-05-18,May,Cold Brew,Beverage,Downtown,3,4.0,12.0
2025-05-18,May,Cold Brew,Beverage,Suburban,3,4.0,12.0
2025-05-18,May,Bagel,Bakery,Uptown,2,2.95,5.9
2025-05-18,May,Cold Brew,Beverage,Uptown,3,4.0,12.0
2025-05-18,May,Cold Brew,Beverage,Uptown,1,4.0,4.0
2025-05-18,May,Latte,Beverage,Suburban,2,4.5,9.0
2025-05-18,May,Muffin,Bakery,Suburban,2,3.25,6.5
2025-05-18,May,Bagel,Bakery,Suburban,2,2.95,5.9
2025-05-18,May,Cold Brew,Beverage,Uptown,3,4.0,12.0
2025-05-18,May,Latte,Beverage,Suburban,1,4.5,4.5
2025-05-18,May,Latte,Beverage,Downtown,3,4.5,13.5
2025-05-18,May,Croissant,Bakery,Uptown,2,3.75,7.5
2025-05-18,May,Latte,Beverage,Uptown,1,4.5,4.5
2025-05-18,May,Cold Brew,Beverage,Uptown,3,4.0,12.0
2025-05-18,May,Latte,Beverage,Uptown,1,4.5,4.5
2025-05-19,May,Bagel,Bakery,Uptown,2,2.95,5.9
2025-05-19,May,Espresso,Beverage,Suburban,1,3.25,3.25
2025-05-19,May,Cold Brew,Beverage,Uptown,2,4.0,8.0
2025-05-19,May,Espresso,Beverage,Uptown,2,3.25,6.5
2025-05-19,May,Espresso,Beverage,Uptown,2,3.25,6.5
2025-05-19,May,Latte,Beverage,Suburban,2,4.5,9.0
2025-05-19,May,Latte,Beverage,Uptown,3,4.5,13.5
2025-05-19,May,Muffin,Bakery,Suburban,1,3.25,3.25
2025-05-19,May,Cold Brew,Beverage,Suburban,3,4.0,12.0
2025-05-19,May,Latte,Beverage,Downtown,1,4.5,4.5
2025-05-19,May,Croissant,Bakery,Uptown,3,3.75,11.25
2025-05-19,May,Espresso,Beverage,Uptown,1,3.25,3.25
2025-05-19,May,Bagel,Bakery,Uptown,1,2.95,2.95
2025-05-19,May,Croissant,Bakery,Suburban,1,3.75,3.75
2025-05-19,May,Bagel,Bakery,Suburban,2,2.95,5.9
2025-05-19,May,Muffin,Bakery,Downtown,3,3.25,9.75
2025-05-19,May,Espresso,Beverage,Downtown,2,3.25,6.5
2025-05-19,May,Latte,Beverage,Uptown,2,4.5,9.0
2025-05-19,May,Latte,Beverage,Downtown,1,4.5,4.5
2025-05-19,May,Cold Brew,Beverage,Uptown,3,4.0,12.0
2025-05-19,May,Latte,Beverage,Downtown,2,4.5,9.0
2025-05-20,May,Espresso,Beverage,Uptown,2,3.25,6.5
2025-05-20,May,Croissant,Bakery,Uptown,2,3.75,7.5
2025-05-20,May,Bagel,Bakery,Downtown,3,2.95,8.85
2025-05-20,May,Bagel,Bakery,Downtown,1,2.95,2.95
2025-05-20,May,Croissant,Bakery,Uptown,1,3.75,3.75
2025-05-20,May,Latte,Beverage,Suburban,2,4.5,9.0
2025-05-20,May,Bagel,Bakery,Uptown,1,2.95,2.95
2025-05-20,May,Cold Brew,Beverage,Uptown,2,4.0,8.0
2025-05-20,May,Bagel,Bakery,Downtown,2,2.95,5.9
2025-05-20,May,Bagel,Bakery,Downtown,3,2.95,8.85
2025-05-20,May,Croissant,Bakery,Uptown,3,3.75,11.25
2025-05-20,May,Cold Brew,Beverage,Suburban,3,4.0,12.0
2025-05-20,May,Croissant,Bakery,Uptown,1,3.75,3.75
2025-05-20,May,Muffin,Bakery,Uptown,1,3.25,3.25
2025-05-20,May,Croissant,Bakery,Uptown,1,3.75,3.75
2025-05-20,May,Muffin,Bakery,Uptown,1,3.25,3.25
2025-05-20,May,Muffin,Bakery,Uptown,1,3.25,3.25
2025-05-20,May,Latte,Beverage,Uptown,2,4.5,9.0
2025-05-21,May,Espresso,Beverage,Suburban,2,3.25,6.5
2025-05-21,May,Espresso,Beverage,Downtown,3,3.25,9.75
2025-05-21,May,Cold Brew,Beverage,Uptown,2,4.0,8.0
2025-05-21,May,Espresso,Beverage,Downtown,3,3.25,9.75
2025-05-21,May,Muffin,Bakery,Uptown,2,3.25,6.5
2025-05-21,May,Latte,Beverage,Suburban,2,4.5,9.0
2025-05-21,May,Bagel,Bakery,Downtown,3,2.95,8.85
2025-05-21,May,Croissant,Bakery,Suburban,2,3.75,7.5
2025-05-21,May,Bagel,Bakery,Downtown,3,2.95,8.85
2025-05-21,May,Latte,Beverage,Suburban,3,4.5,13.5
2025-05-21,May,Cold Brew,Beverage,Downtown,1,4.0,4.0
2025-05-21,May,Muffin,Bakery,Uptown,2,3.25,6.5
2025-05-21,May,Muffin,Bakery,Suburban,1,3.25,3.25
2025-05-21,May,Latte,Beverage,Suburban,3,4.5,13.5
2025-05-21,May,Croissant,Bakery,Downtown,1,3.75,3.75
2025-05-22,May,Bagel,Bakery,Uptown,1,2.95,2.95
2025-05-22,May,Cold Brew,Beverage,Suburban,3,4.0,12.0
2025-05-22,May,Croissant,Bakery,Uptown,3,3.75,11.25
2025-05-22,May,Cold Brew,Beverage,Downtown,1,4.0,4.0
2025-05-22,May,Cold Brew,Beverage,Downtown,1,4.0,4.0
2025-05-22,May,Cold Brew,Beverage,Suburban,2,4.0,8.0
2025-05-22,May,Bagel,Bakery,Downtown,3,2.95,8.85
2025-05-22,May,Cold Brew,Beverage,Uptown,3,4.0,12.0
2025-05-22,May,Cold Brew,Beverage,Uptown,2,4.0,8.0
2025-05-22,May,Croissant,Bakery,Uptown,1,3.75,3.75
2025-05-22,May,Latte,Beverage,Suburban,3,4.5,13.5
2025-05-22,May,Croissant,Bakery,Suburban,2,3.75,7.5
2025-05-22,May,Croissant,Bakery,Downtown,2,3.75,7.5
2025-05-22,May,Espresso,Beverage,Downtown,1,3.25,3.25
2025-05-22,May,Muffin,Bakery,Suburban,2,3.25,6.5
2025-05-22,May,Croissant,Bakery,Uptown,3,3.75,11.25
2025-05-22,May,Cold Brew,Beverage,Uptown,3,4.0,12.0
2025-05-23,May,Cold Brew,Beverage,Uptown,2,4.0,8.0
2025-05-23,May,Muffin,Bakery,Uptown,3,3.25,9.75
2025-05-23,May,Latte,Beverage,Suburban,2,4.5,9.0
2025-05-23,May,Latte,Beverage,Uptown,3,4.5,13.5
2025-05-23,May,Bagel,Bakery,Suburban,3,2.95,8.85
2025-05-23,May,Bagel,Bakery,Uptown,1,2.95,2.95
2025-05-23,May,Espresso,Beverage,Downtown,1,3.25,3.25
2025-05-23,May,Muffin,Bakery,Suburban,2,3.25,6.5
2025-05-23,May,Latte,Beverage,Suburban,1,4.5,4.5
2025-05-23,May,Muffin,Bakery,Downtown,3,3.25,9.75
2025-05-23,May,Cold Brew,Beverage,Suburban,1,4.0,4.0
2025-05-23,May,Espresso,Beverage,Downtown,3,3.25,9.75
2025-05-23,May,Espresso,Beverage,Uptown,3,3.25,9.75
2025-05-23,May,Cold Brew,Beverage,Downtown,2,4.0,8.0
2025-05-23,May,Muffin,Bakery,Downtown,2,3.25,6.5
2025-05-23,May,Cold Brew,Beverage,Downtown,1,4.0,4.0
2025-05-23,May,Croissant,Bakery,Downtown,1,3.75,3.75
2025-05-23,May,Croissant,Bakery,Downtown,2,3.75,7.5
2025-05-23,May,Muffin,Bakery,Downtown,3,3.25,9.75
2025-05-24,May,Cold Brew,Beverage,Downtown,3,4.0,12.0
2025-05-24,May,Muffin,Bakery,Downtown,1,3.25,3.25
2025-05-24,May,Bagel,Bakery,Downtown,1,2.95,2.95
2025-05-24,May,Bagel,Bakery,Uptown,2,2.95,5.9
2025-05-24,May,Muffin,Bakery,Uptown,2,3.25,6.5
2025-05-24,May,Espresso,Beverage,Downtown,2,3.25,6.5
2025-05-24,May,Muffin,Bakery,Downtown,2,3.25,6.5
2025-05-24,May,Bagel,Bakery,Downtown,1,2.95,2.95
2025-05-24,May,Bagel,Bakery,Suburban,3,2.95,8.85
2025-05-24,May,Croissant,Bakery,Downtown,3,3.75,11.25
2025-05-24,May,Croissant,Bakery,Uptown,1,3.75,3.75
2025-05-24,May,Latte,Beverage,Uptown,1,4.5,4.5
2025-05-24,May,Bagel,Bakery,Uptown,2,2.95,5.9
2025-05-24,May,Cold Brew,Beverage,Downtown,2,4.0,8.0
2025-05-24,May,Croissant,Bakery,Downtown,3,3.75,11.25
2025-05-24,May,Croissant,Bakery,Uptown,3,3.75,11.25
2025-05-24,May,Latte,Beverage,Suburban,2,4.5,9.0
2025-05-24,May,Latte,Beverage,Suburban,2,4.5,9.0
2025-05-25,May,Cold Brew,Beverage,Uptown,3,4.0,12.0
2025-05-25,May,Croissant,Bakery,Suburban,1,3.75,3.75
2025-05-25,May,Croissant,Bakery,Uptown,3,3.75,11.25
2025-05-25,May,Cold Brew,Beverage,Suburban,2,4.0,8.0
2025-05-25,May,Bagel,Bakery,Suburban,1,2.95,2.95
2025-05-25,May,Muffin,Bakery,Downtown,1,3.25,3.25
2025-05-25,May,Muffin,Bakery,Uptown,3,3.25,9.75
2025-05-25,May,Croissant,Bakery,Downtown,3,3.75,11.25
2025-05-25,May,Latte,Beverage,Downtown,3,4.5,13.5
2025-05-25,May,Cold Brew,Beverage,Uptown,2,4.0,8.0
2025-05-25,May,Latte,Beverage,Suburban,3,4.5,13.5
2025-05-25,May,Latte,Beverage,Downtown,2,4.5,9.0
2025-05-25,May,Latte,Beverage,Uptown,3,4.5,13.5
2025-05-25,May,Croissant,Bakery,Suburban,3,3.75,11.25
2025-05-25,May,Muffin,Bakery,Uptown,3,3.25,9.75
2025-05-25,May,Croissant,Bakery,Suburban,1,3.75,3.75
2025-05-25,May,Latte,Beverage,Suburban,3,4.5,13.5
2025-05-25,May,Espresso,Beverage,Suburban,3,3.25,9.75
2025-05-25,May,Croissant,Bakery,Suburban,2,3.75,7.5
2025-05-26,May,Espresso,Beverage,Suburban,1,3.25,3.25
2025-05-26,May,Cold Brew,Beverage,Suburban,1,4.0,4.0
2025-05-26,May,Espresso,Beverage,Uptown,1,3.25,3.25
2025-05-26,May,Espresso,Beverage,Suburban,2,3.25,6.5
2025-05-26,May,Bagel,Bakery,Downtown,3,2.95,8.85
2025-05-26,May,Espresso,Beverage,Uptown,3,3.25,9.75
2025-05-26,May,Muffin,Bakery,Suburban,1,3.25,3.25
2025-05-26,May,Croissant,Bakery,Downtown,3,3.75,11.25
2025-05-26,May,Cold Brew,Beverage,Uptown,3,4.0,12.0
2025-05-26,May,Croissant,Bakery,Suburban,1,3.75,3.75
2025-05-26,May,Latte,Beverage,Suburban,2,4.5,9.0
2025-05-26,May,Croissant,Bakery,Downtown,2,3.75,7.5
2025-05-26,May,Cold Brew,Beverage,Downtown,3,4.0,12.0
2025-05-26,May,Croissant,Bakery,Downtown,2,3.75,7.5
2025-05-26,May,Muffin,Bakery,Downtown,2,3.25,6.5
2025-05-26,May,Croissant,Bakery,Suburban,3,3.75,11.25
2025-05-26,May,Croissant,Bakery,Suburban,2,3.75,7.5
2025-05-26,May,Latte,Beverage,Uptown,1,4.5,4.5
2025-05-26,May,Croissant,Bakery,Downtown,2,3.75,7.5
2025-05-26,May,Muffin,Bakery,Suburban,2,3.25,6.5
2025-05-26,May,Muffin,Bakery,Uptown,3,3.25,9.75
2025-05-26,May,Croissant,Bakery,Uptown,1,3.75,3.75
2025-05-27,May,Cold Brew,Beverage,Downtown,1,4.0,4.0
2025-05-27,May,Croissant,Bakery,Suburban,2,3.75,7.5
2025-05-27,May,Bagel,Bakery,Uptown,2,2.95,5.9
2025-05-27,May,Muffin,Bakery,Uptown,1,3.25,3.25
2025-05-27,May,Cold Brew,Beverage,Suburban,3,4.0,12.0
2025-05-27,May,Croissant,Bakery,Suburban,2,3.75,7.5
2025-05-27,May,Croissant,Bakery,Downtown,1,3.75,3.75
2025-05-27,May,Muffin,Bakery,Downtown,2,3.25,6.5
2025-05-27,May,Bagel,Bakery,Uptown,3,2.95,8.85
2025-05-27,May,Latte,Beverage,Downtown,3,4.5,13.5
2025-05-27,May,Cold Brew,Beverage,Uptown,3,4.0,12.0
2025-05-27,May,Latte,Beverage,Uptown,1,4.5,4.5
2025-05-27,May,Muffin,Bakery,Downtown,3,3.25,9.75
2025-05-27,May,Espresso,Beverage,Downtown,3,3.25,9.75
2025-05-27,May,Espresso,Beverage,Uptown,2,3.25,6.5
2025-05-27,May,Latte,Beverage,Downtown,1,4.5,4.5
2025-05-27,May,Cold Brew,Beverage,Downtown,1,4.0,4.0
2025-05-27,May,Cold Brew,Beverage,Downtown,1,4.0,4.0
2025-05-27,May,Croissant,Bakery,Uptown,1,3.75,3.75
2025-05-27,May,Croissant,Bakery,Uptown,2,3.75,7.5
2025-05-27,May,Muffin,Bakery,Downtown,1,3.25,3.25
2025-05-27,May,Latte,Beverage,Suburban,3,4.5,13.5
2025-05-27,May,Bagel,Bakery,Uptown,2,2.95,5.9
2025-05-27,May,Cold Brew,Beverage,Uptown,1,4.0,4.0
2025-05-27,May,Croissant,Bakery,Suburban,1,3.75,3.75
2025-05-27,May,Muffin,Bakery,Suburban,1,3.25,3.25
2025-05-27,May,Espresso,Beverage,Suburban,3,3.25,9.75
2025-05-28,May,Croissant,Bakery,Suburban,1,3.75,3.75
2025-05-28,May,Espresso,Beverage,Downtown,1,3.25,3.25
2025-05-28,May,Latte,Beverage,Uptown,1,4.5,4.5
2025-05-28,May,Croissant,Bakery,Downtown,2,3.75,7.5
2025-05-28,May,Latte,Beverage,Downtown,3,4.5,13.5
2025-05-28,May,Espresso,Beverage,Downtown,2,3.25,6.5
2025-05-28,May,Cold Brew,Beverage,Downtown,3,4.0,12.0
2025-05-28,May,Muffin,Bakery,Uptown,2,3.25,6.5
2025-05-28,May,Croissant,Bakery,Downtown,2,3.75,7.5
2025-05-28,May,Latte,Beverage,Downtown,3,4.5,13.5
2025-05-28,May,Bagel,Bakery,Suburban,2,2.95,5.9
2025-05-28,May,Cold Brew,Beverage,Uptown,2,4.0,8.0
2025-05-28,May,Cold Brew,Beverage,Uptown,1,4.0,4.0
2025-05-28,May,Croissant,Bakery,Suburban,1,3.75,3.75
2025-05-28,May,Croissant,Bakery,Suburban,1,3.75,3.75
2025-05-28,May,Espresso,Beverage,Uptown,2,3.25,6.5
2025-05-28,May,Croissant,Bakery,Suburban,3,3.75,11.25
2025-05-28,May,Croissant,Bakery,Suburban,3,3.75,11.25
2025-05-29,May,Cold Brew,Beverage,Downtown,1,4.0,4.0
2025-05-29,May,Croissant,Bakery,Downtown,2,3.75,7.5
2025-05-29,May,Latte,Beverage,Suburban,3,4.5,13.5
2025-05-29,May,Muffin,Bakery,Downtown,1,3.25,3.25
2025-05-29,May,Latte,Beverage,Uptown,3,4.5,13.5
2025-05-29,May,Muffin,Bakery,Uptown,2,3.25,6.5
2025-05-29,May,Croissant,Bakery,Uptown,3,3.75,11.25
2025-05-29,May,Croissant,Bakery,Uptown,3,3.75,11.25
2025-05-29,May,Bagel,Bakery,Suburban,2,2.95,5.9
2025-05-29,May,Cold Brew,Beverage,Downtown,2,4.0,8.0
2025-05-29,May,Croissant,Bakery,Uptown,1,3.75,3.75
2025-05-29,May,Muffin,Bakery,Uptown,2,3.25,6.5
2025-05-29,May,Latte,Beverage,Uptown,3,4.5,13.5
2025-05-29,May,Croissant,Bakery,Downtown,1,3.75,3.75
2025-05-29,May,Espresso,Beverage,Suburban,3,3.25,9.75
2025-05-29,May,Espresso,Beverage,Suburban,1,3.25,3.25
2025-05-29,May,Croissant,Bakery,Uptown,1,3.75,3.75
2025-05-29,May,Latte,Beverage,Uptown,1,4.5,4.5
2025-05-29,May,Bagel,Bakery,Downtown,3,2.95,8.85
2025-05-29,May,Croissant,Bakery,Suburban,3,3.75,11.25
2025-05-29,May,Muffin,Bakery,Downtown,1,3.25,3.25
2025-05-29,May,Latte,Beverage,Downtown,1,4.5,4.5
2025-05-29,May,Latte,Beverage,Uptown,2,4.5,9.0
2025-05-29,May,Cold Brew,Beverage,Downtown,1,4.0,4.0
2025-05-29,May,Bagel,Bakery,Downtown,2,2.95,5.9
2025-05-29,May,Muffin,Bakery,Suburban,3,3.25,9.75
2025-05-29,May,Espresso,Beverage,Suburban,2,3.25,6.5
2025-05-30,May,Latte,Beverage,Uptown,3,4.5,13.5
2025-05-30,May,Cold Brew,Beverage,Suburban,2,4.0,8.0
2025-05-30,May,Espresso,Beverage,Suburban,2,3.25,6.5
2025-05-30,May,Croissant,Bakery,Downtown,1,3.75,3.75
2025-05-30,May,Croissant,Bakery,Uptown,3,3.75,11.25
2025-05-30,May,Bagel,Bakery,Uptown,2,2.95,5.9
2025-05-30,May,Espresso,Beverage,Downtown,2,3.25,6.5
2025-05-30,May,Muffin,Bakery,Suburban,1,3.25,3.25
2025-05-30,May,Latte,Beverage,Downtown,2,4.5,9.0
2025-05-30,May,Latte,Beverage,Downtown,3,4.5,13.5
2025-05-30,May,Croissant,Bakery,Uptown,3,3.75,11.25
2025-05-30,May,Espresso,Beverage,Uptown,2,3.25,6.5
2025-05-30,May,Latte,Beverage,Uptown,1,4.5,4.5
2025-05-30,May,Cold Brew,Beverage,Uptown,1,4.0,4.0
2025-05-30,May,Cold Brew,Beverage,Uptown,1,4.0,4.0
2025-05-30,May,Bagel,Bakery,Uptown,2,2.95,5.9
2025-05-30,May,Bagel,Bakery,Downtown,2,2.95,5.9
2025-05-30,May,Cold Brew,Beverage,Uptown,2,4.0,8.0
2025-05-30,May,Espresso,Beverage,Uptown,1,3.25,3.25
2025-05-30,May,Bagel,Bakery,Suburban,3,2.95,8.85
2025-05-30,May,Latte,Beverage,Uptown,2,4.5,9.0
2025-05-30,May,Cold Brew,Beverage,Uptown,2,4.0,8.0
2025-05-30,May,Espresso,Beverage,Suburban,3,3.25,9.75
2025-05-30,May,Espresso,Beverage,Uptown,2,3.25,6.5
2025-05-30,May,Muffin,Bakery,Uptown,3,3.25,9.75
2025-05-30,May,Muffin,Bakery,Suburban,3,3.25,9.75
2025-05-30,May,Latte,Beverage,Uptown,3,4.5,13.5
2025-05-31,May,Muffin,Bakery,Uptown,3,3.25,9.75
2025-05-31,May,Cold Brew,Beverage,Downtown,2,4.0,8.0
2025-05-31,May,Bagel,Bakery,Uptown,1,2.95,2.95
2025-05-31,May,Espresso,Beverage,Suburban,3,3.25,9.75
2025-05-31,May,Croissant,Bakery,Suburban,2,3.75,7.5
2025-05-31,May,Bagel,Bakery,Downtown,3,2.95,8.85
2025-05-31,May,Croissant,Bakery,Downtown,3,3.75,11.25
2025-05-31,May,Muffin,Bakery,Suburban,1,3.25,3.25
2025-05-31,May,Croissant,Bakery,Suburban,3,3.75,11.25
2025-05-31,May,Latte,Beverage,Suburban,2,4.5,9.0
2025-05-31,May,Espresso,Beverage,Downtown,3,3.25,9.75
2025-05-31,May,Croissant,Bakery,Suburban,2,3.75,7.5
2025-05-31,May,Bagel,Bakery,Downtown,2,2.95,5.9
2025-05-31,May,Cold Brew,Beverage,Suburban,2,4.0,8.0
2025-05-31,May,Muffin,Bakery,Suburban,2,3.25,6.5
2025-06-01,June,Espresso,Beverage,Suburban,1,3.25,3.25
2025-06-01,June,Latte,Beverage,Suburban,2,4.5,9.0
2025-06-01,June,Muffin,Bakery,Downtown,3,3.25,9.75
2025-06-01,June,Cold Brew,Beverage,Suburban,2,4.0,8.0
2025-06-01,June,Croissant,Bakery,Downtown,2,3.75,7.5
2025-06-01,June,Espresso,Beverage,Downtown,2,3.25,6.5
2025-06-01,June,Croissant,Bakery,Uptown,3,3.75,11.25
2025-06-01,June,Croissant,Bakery,Uptown,1,3.75,3.75
2025-06-01,June,Cold Brew,Beverage,Downtown,1,4.0,4.0
2025-06-01,June,Muffin,Bakery,Uptown,3,3.25,9.75
2025-06-01,June,Bagel,Bakery,Downtown,1,2.95,2.95
2025-06-01,June,Bagel,Bakery,Uptown,1,2.95,2.95
2025-06-01,June,Latte,Beverage,Uptown,1,4.5,4.5
2025-06-01,June,Cold Brew,Beverage,Suburban,3,4.0,12.0
2025-06-01,June,Croissant,Bakery,Downtown,2,3.75,7.5
2025-06-01,June,Latte,Beverage,Suburban,1,4.5,4.5
2025-06-02,June,Cold Brew,Beverage,Suburban,3,4.0,12.0
2025-06-02,June,Croissant,Bakery,Uptown,1,3.75,3.75
2025-06-02,June,Croissant,Bakery,Suburban,1,3.75,3.75
2025-06-02,June,Bagel,Bakery,Downtown,1,2.95,2.95
2025-06-02,June,Latte,Beverage,Downtown,3,4.5,13.5
2025-06-02,June,Bagel,Bakery,Uptown,3,2.95,8.85
2025-06-02,June,Croissant,Bakery,Suburban,3,3.75,11.25
2025-06-02,June,Latte,Beverage,Uptown,1,4.5,4.5
2025-06-02,June,Espresso,Beverage,Suburban,1,3.25,3.25
2025-06-02,June,Cold Brew,Beverage,Downtown,2,4.0,8.0
2025-06-02,June,Espresso,Beverage,Uptown,1,3.25,3.25
2025-06-02,June,Espresso,Beverage,Downtown,2,3.25,6.5
2025-06-02,June,Croissant,Bakery,Downtown,2,3.75,7.5
2025-06-02,June,Cold Brew,Beverage,Downtown,1,4.0,4.0
2025-06-02,June,Bagel,Bakery,Uptown,3,2.95,8.85
2025-06-02,June,Bagel,Bakery,Downtown,2,2.95,5.9
2025-06-02,June,Bagel,Bakery,Uptown,2,2.95,5.9
2025-06-02,June,Croissant,Bakery,Suburban,1,3.75,3.75
2025-06-03,June,Cold Brew,Beverage,Suburban,1,4.0,4.0
2025-06-03,June,Latte,Beverage,Suburban,1,4.5,4.5
2025-06-03,June,Latte,Beverage,Suburban,2,4.5,9.0
2025-06-03,June,Bagel,Bakery,Suburban,2,2.95,5.9
2025-06-03,June,Bagel,Bakery,Downtown,3,2.95,8.85
2025-06-03,June,Muffin,Bakery,Suburban,1,3.25,3.25
2025-06-03,June,Espresso,Beverage,Downtown,1,3.25,3.25
2025-06-03,June,Croissant,Bakery,Downtown,1,3.75,3.75
2025-06-03,June,Croissant,Bakery,Uptown,3,3.75,11.25
2025-06-03,June,Cold Brew,Beverage,Uptown,2,4.0,8.0
2025-06-03,June,Cold Brew,Beverage,Downtown,2,4.0,8.0
2025-06-03,June,Latte,Beverage,Uptown,3,4.5,13.5
2025-06-03,June,Espresso,Beverage,Suburban,1,3.25,3.25
2025-06-03,June,Latte,Beverage,Suburban,1,4.5,4.5
2025-06-03,June,Croissant,Bakery,Suburban,2,3.75,7.5
2025-06-03,June,Latte,Beverage,Suburban,2,4.5,9.0
2025-06-03,June,Croissant,Bakery,Suburban,1,3.75,3.75
2025-06-03,June,Muffin,Bakery,Downtown,1,3.25,3.25
2025-06-03,June,Muffin,Bakery,Suburban,1,3.25,3.25
2025-06-03,June,Espresso,Beverage,Suburban,3,3.25,9.75
2025-06-03,June,Cold Brew,Beverage,Uptown,1,4.0,4.0
2025-06-03,June,Muffin,Bakery,Downtown,3,3.25,9.75
2025-06-04,June,Bagel,Bakery,Suburban,1,2.95,2.95
2025-06-04,June,Latte,Beverage,Downtown,3,4.5,13.5
2025-06-04,June,Latte,Beverage,Uptown,2,4.5,9.0
2025-06-04,June,Latte,Beverage,Downtown,2,4.5,9.0
2025-06-04,June,Bagel,Bakery,Uptown,1,2.95,2.95
2025-06-04,June,Bagel,Bakery,Downtown,1,2.95,2.95
2025-06-04,June,Muffin,Bakery,Suburban,1,3.25,3.25
2025-06-04,June,Cold Brew,Beverage,Downtown,3,4.0,12.0
2025-06-04,June,Espresso,Beverage,Suburban,3,3.25,9.75
2025-06-04,June,Bagel,Bakery,Uptown,1,2.95,2.95
2025-06-04,June,Croissant,Bakery,Downtown,2,3.75,7.5
2025-06-04,June,Cold Brew,Beverage,Downtown,2,4.0,8.0
2025-06-04,June,Cold Brew,Beverage,Downtown,1,4.0,4.0
2025-06-04,June,Espresso,Beverage,Downtown,2,3.25,6.5
2025-06-04,June,Cold Brew,Beverage,Suburban,2,4.0,8.0
2025-06-04,June,Espresso,Beverage,Downtown,2,3.25,6.5
2025-06-04,June,Cold Brew,Beverage,Suburban,2,4.0,8.0
2025-06-04,June,Cold Brew,Beverage,Downtown,3,4.0,12.0
2025-06-04,June,Espresso,Beverage,Uptown,1,3.25,3.25
2025-06-04,June,Latte,Beverage,Downtown,1,4.5,4.5
2025-06-04,June,Bagel,Bakery,Downtown,3,2.95,8.85
2025-06-04,June,Bagel,Bakery,Uptown,1,2.95,2.95
2025-06-04,June,Latte,Beverage,Suburban,2,4.5,9.0
2025-06-05,June,Croissant,Bakery,Suburban,2,3.75,7.5
2025-06-05,June,Latte,Beverage,Downtown,2,4.5,9.0
2025-06-05,June,Muffin,Bakery,Uptown,2,3.25,6.5
2025-06-05,June,Croissant,Bakery,Downtown,1,3.75,3.75
2025-06-05,June,Bagel,Bakery,Downtown,1,2.95,2.95
2025-06-05,June,Latte,Beverage,Downtown,3,4.5,13.5
2025-06-05,June,Bagel,Bakery,Suburban,2,2.95,5.9
2025-06-05,June,Croissant,Bakery,Uptown,1,3.75,3.75
2025-06-05,June,Cold Brew,Beverage,Uptown,1,4.0,4.0
2025-06-05,June,Espresso,Beverage,Suburban,3,3.25,9.75
2025-06-05,June,Espresso,Beverage,Uptown,2,3.25,6.5
2025-06-05,June,Espresso,Beverage,Downtown,2,3.25,6.5
2025-06-05,June,Espresso,Beverage,Uptown,3,3.25,9.75
2025-06-05,June,Muffin,Bakery,Suburban,2,3.25,6.5
2025-06-05,June,Bagel,Bakery,Uptown,2,2.95,5.9
2025-06-05,June,Cold Brew,Beverage,Uptown,3,4.0,12.0
2025-06-05,June,Croissant,Bakery,Suburban,1,3.75,3.75
2025-06-05,June,Croissant,Bakery,Uptown,1,3.75,3.75
2025-06-05,June,Cold Brew,Beverage,Suburban,1,4.0,4.0
2025-06-05,June,Bagel,Bakery,Uptown,3,2.95,8.85
2025-06-05,June,Latte,Beverage,Suburban,1,4.5,4.5
2025-06-05,June,Latte,Beverage,Suburban,3,4.5,13.5
2025-06-05,June,Espresso,Beverage,Downtown,3,3.25,9.75
2025-06-05,June,Cold Brew,Beverage,Suburban,2,4.0,8.0
2025-06-05,June,Croissant,Bakery,Uptown,3,3.75,11.25
2025-06-06,June,Bagel,Bakery,Uptown,3,2.95,8.85
2025-06-06,June,Cold Brew,Beverage,Suburban,3,4.0,12.0
2025-06-06,June,Bagel,Bakery,Suburban,2,2.95,5.9
2025-06-06,June,Muffin,Bakery,Downtown,3,3.25,9.75
2025-06-06,June,Croissant,Bakery,Suburban,3,3.75,11.25
2025-06-06,June,Bagel,Bakery,Downtown,1,2.95,2.95
2025-06-06,June,Bagel,Bakery,Downtown,3,2.95,8.85
2025-06-06,June,Cold Brew,Beverage,Downtown,3,4.0,12.0
2025-06-06,June,Muffin,Bakery,Downtown,1,3.25,3.25
2025-06-06,June,Muffin,Bakery,Uptown,2,3.25,6.5
2025-06-06,June,Bagel,Bakery,Uptown,1,2.95,2.95
2025-06-06,June,Croissant,Bakery,Downtown,3,3.75,11.25
2025-06-06,June,Croissant,Bakery,Uptown,2,3.75,7.5
2025-06-06,June,Bagel,Bakery,Suburban,2,2.95,5.9
2025-06-06,June,Bagel,Bakery,Suburban,3,2.95,8.85
2025-06-06,June,Croissant,Bakery,Suburban,1,3.75,3.75
2025-06-06,June,Croissant,Bakery,Downtown,1,3.75,3.75
2025-06-06,June,Latte,Beverage,Downtown,3,4.5,13.5
2025-06-06,June,Muffin,Bakery,Downtown,2,3.25,6.5
2025-06-06,June,Croissant,Bakery,Suburban,3,3.75,11.25
2025-06-06,June,Croissant,Bakery,Downtown,2,3.75,7.5
2025-06-06,June,Espresso,Beverage,Uptown,2,3.25,6.5
2025-06-06,June,Espresso,Beverage,Uptown,3,3.25,9.75
2025-06-06,June,Latte,Beverage,Downtown,3,4.5,13.5
2025-06-06,June,Bagel,Bakery,Uptown,1,2.95,2.95
2025-06-06,June,Cold Brew,Beverage,Downtown,3,4.0,12.0
2025-06-06,June,Bagel,Bakery,Downtown,2,2.95,5.9
2025-06-07,June,Muffin,Bakery,Downtown,2,3.25,6.5
2025-06-07,June,Cold Brew,Beverage,Downtown,2,4.0,8.0
2025-06-07,June,Espresso,Beverage,Downtown,3,3.25,9.75
2025-06-07,June,Cold Brew,Beverage,Downtown,3,4.0,12.0
2025-06-07,June,Cold Brew,Beverage,Suburban,1,4.0,4.0
2025-06-07,June,Croissant,Bakery,Suburban,3,3.75,11.25
2025-06-07,June,Cold Brew,Beverage,Uptown,1,4.0,4.0
2025-06-07,June,Espresso,Beverage,Downtown,2,3.25,6.5
2025-06-07,June,Bagel,Bakery,Downtown,2,2.95,5.9
2025-06-07,June,Bagel,Bakery,Uptown,3,2.95,8.85
2025-06-07,June,Espresso,Beverage,Uptown,2,3.25,6.5
2025-06-07,June,Muffin,Bakery,Suburban,1,3.25,3.25
2025-06-07,June,Latte,Beverage,Uptown,1,4.5,4.5
2025-06-07,June,Espresso,Beverage,Uptown,2,3.25,6.5
2025-06-07,June,Latte,Beverage,Downtown,3,4.5,13.5
2025-06-07,June,Muffin,Bakery,Uptown,3,3.25,9.75
2025-06-07,June,Latte,Beverage,Downtown,3,4.5,13.5
2025-06-07,June,Latte,Beverage,Uptown,3,4.5,13.5
2025-06-07,June,Muffin,Bakery,Uptown,1,3.25,3.25
2025-06-07,June,Bagel,Bakery,Uptown,3,2.95,8.85
2025-06-07,June,Bagel,Bakery,Uptown,1,2.95,2.95
2025-06-07,June,Espresso,Beverage,Suburban,3,3.25,9.75
2025-06-07,June,Muffin,Bakery,Downtown,3,3.25,9.75
2025-06-07,June,Croissant,Bakery,Downtown,3,3.75,11.25
2025-06-08,June,Bagel,Bakery,Suburban,2,2.95,5.9
2025-06-08,June,Croissant,Bakery,Uptown,2,3.75,7.5
2025-06-08,June,Croissant,Bakery,Suburban,3,3.75,11.25
2025-06-08,June,Latte,Beverage,Uptown,3,4.5,13.5
2025-06-08,June,Croissant,Bakery,Uptown,1,3.75,3.75
2025-06-08,June,Croissant,Bakery,Downtown,2,3.75,7.5
2025-06-08,June,Muffin,Bakery,Uptown,2,3.25,6.5
2025-06-08,June,Espresso,Beverage,Suburban,1,3.25,3.25
2025-06-08,June,Espresso,Beverage,Suburban,3,3.25,9.75
2025-06-08,June,Cold Brew,Beverage,Uptown,3,4.0,12.0
2025-06-08,June,Bagel,Bakery,Uptown,1,2.95,2.95
2025-06-08,June,Cold Brew,Beverage,Downtown,3,4.0,12.0
2025-06-08,June,Muffin,Bakery,Downtown,1,3.25,3.25
2025-06-08,June,Croissant,Bakery,Uptown,1,3.75,3.75
2025-06-08,June,Bagel,Bakery,Downtown,3,2.95,8.85
2025-06-08,June,Croissant,Bakery,Downtown,2,3.75,7.5
2025-06-08,June,Croissant,Bakery,Suburban,2,3.75,7.5
2025-06-08,June,Latte,Beverage,Suburban,1,4.5,4.5
2025-06-08,June,Muffin,Bakery,Downtown,1,3.25,3.25
2025-06-08,June,Croissant,Bakery,Downtown,3,3.75,11.25
2025-06-08,June,Latte,Beverage,Suburban,3,4.5,13.5
2025-06-08,June,Bagel,Bakery,Suburban,3,2.95,8.85
2025-06-09,June,Latte,Beverage,Downtown,1,4.5,4.5
2025-06-09,June,Muffin,Bakery,Downtown,2,3.25,6.5
2025-06-09,June,Latte,Beverage,Uptown,1,4.5,4.5
2025-06-09,June,Cold Brew,Beverage,Suburban,1,4.0,4.0
2025-06-09,June,Latte,Beverage,Uptown,2,4.5,9.0
2025-06-09,June,Cold Brew,Beverage,Suburban,3,4.0,12.0
2025-06-09,June,Espresso,Beverage,Downtown,2,3.25,6.5
2025-06-09,June,Cold Brew,Beverage,Uptown,2,4.0,8.0
2025-06-09,June,Latte,Beverage,Downtown,1,4.5,4.5
2025-06-09,June,Latte,Beverage,Suburban,2,4.5,9.0
2025-06-09,June,Espresso,Beverage,Uptown,1,3.25,3.25
2025-06-09,June,Muffin,Bakery,Downtown,1,3.25,3.25
2025-06-09,June,Croissant,Bakery,Suburban,2,3.75,7.5
2025-06-09,June,Espresso,Beverage,Uptown,1,3.25,3.25
2025-06-09,June,Cold Brew,Beverage,Uptown,3,4.0,12.0
2025-06-09,June,Cold Brew,Beverage,Downtown,1,4.0,4.0
2025-06-09,June,Muffin,Bakery,Uptown,1,3.25,3.25
2025-06-10,June,Bagel,Bakery,Downtown,1,2.95,2.95
2025-06-10,June,Muffin,Bakery,Downtown,3,3.25,9.75
2025-06-10,June,Croissant,Bakery,Suburban,1,3.75,3.75
2025-06-10,June,Muffin,Bakery,Uptown,1,3.25,3.25
2025-06-10,June,Cold Brew,Beverage,Downtown,1,4.0,4.0
2025-06-10,June,Bagel,Bakery,Downtown,2,2.95,5.9
2025-06-10,June,Espresso,Beverage,Suburban,2,3.25,6.5
2025-06-10,June,Cold Brew,Beverage,Uptown,3,4.0,12.0
2025-06-10,June,Muffin,Bakery,Downtown,3,3.25,9.75
2025-06-10,June,Espresso,Beverage,Suburban,3,3.25,9.75
2025-06-10,June,Espresso,Beverage,Suburban,2,3.25,6.5
2025-06-10,June,Bagel,Bakery,Suburban,1,2.95,2.95
2025-06-10,June,Croissant,Bakery,Downtown,3,3.75,11.25
2025-06-10,June,Croissant,Bakery,Uptown,1,3.75,3.75
2025-06-10,June,Espresso,Beverage,Suburban,2,3.25,6.5
2025-06-10,June,Croissant,Bakery,Uptown,1,3.75,3.75
2025-06-10,June,Cold Brew,Beverage,Downtown,3,4.0,12.0
2025-06-10,June,Espresso,Beverage,Suburban,2,3.25,6.5
2025-06-10,June,Cold Brew,Beverage,Downtown,1,4.0,4.0
2025-06-10,June,Bagel,Bakery,Downtown,3,2.95,8.85
2025-06-10,June,Espresso,Beverage,Uptown,1,3.25,3.25
2025-06-10,June,Muffin,Bakery,Suburban,1,3.25,3.25
2025-06-10,June,Espresso,Beverage,Downtown,3,3.25,9.75
2025-06-10,June,Bagel,Bakery,Downtown,2,2.95,5.9
2025-06-10,June,Latte,Beverage,Uptown,3,4.5,13.5
2025-06-10,June,Cold Brew,Beverage,Uptown,3,4.0,12.0
2025-06-10,June,Croissant,Bakery,Downtown,2,3.75,7.5
2025-06-11,June,Espresso,Beverage,Uptown,2,3.25,6.5
2025-06-11,June,Muffin,Bakery,Downtown,3,3.25,9.75
2025-06-11,June,Bagel,Bakery,Uptown,3,2.95,8.85
2025-06-11,June,Croissant,Bakery,Downtown,1,3.75,3.75
2025-06-11,June,Espresso,Beverage,Uptown,2,3.25,6.5
2025-06-11,June,Latte,Beverage,Downtown,1,4.5,4.5
2025-06-11,June,Croissant,Bakery,Uptown,3,3.75,11.25
2025-06-11,June,Espresso,Beverage,Downtown,1,3.25,3.25
2025-06-11,June,Muffin,Bakery,Downtown,3,3.25,9.75
2025-06-11,June,Espresso,Beverage,Suburban,1,3.25,3.25
2025-06-11,June,Espresso,Beverage,Uptown,3,3.25,9.75
2025-06-11,June,Espresso,Beverage,Uptown,3,3.25,9.75
2025-06-11,June,Muffin,Bakery,Uptown,1,3.25,3.25
2025-06-11,June,Croissant,Bakery,Downtown,2,3.75,7.5
2025-06-11,June,Croissant,Bakery,Suburban,3,3.75,11.25
2025-06-12,June,Bagel,Bakery,Downtown,3,2.95,8.85
2025-06-12,June,Espresso,Beverage,Downtown,3,3.25,9.75
2025-06-12,June,Espresso,Beverage,Uptown,2,3.25,6.5
2025-06-12,June,Croissant,Bakery,Suburban,2,3.75,7.5
2025-06-12,June,Muffin,Bakery,Downtown,1,3.25,3.25
2025-06-12,June,Espresso,Beverage,Uptown,2,3.25,6.5
2025-06-12,June,Bagel,Bakery,Downtown,2,2.95,5.9
2025-06-12,June,Bagel,Bakery,Suburban,1,2.95,2.95
2025-06-12,June,Muffin,Bakery,Suburban,3,3.25,9.75
2025-06-12,June,Espresso,Beverage,Uptown,2,3.25,6.5
2025-06-12,June,Croissant,Bakery,Uptown,3,3.75,11.25
2025-06-12,June,Latte,Beverage,Uptown,3,4.5,13.5
2025-06-12,June,Bagel,Bakery,Suburban,1,2.95,2.95
2025-06-12,June,Latte,Beverage,Suburban,2,4.5,9.0
2025-06-12,June,Cold Brew,Beverage,Suburban,1,4.0,4.0
2025-06-12,June,Bagel,Bakery,Downtown,1,2.95,2.95
2025-06-12,June,Latte,Beverage,Uptown,1,4.5,4.5
2025-06-12,June,Latte,Beverage,Downtown,3,4.5,13.5
2025-06-13,June,Croissant,Bakery,Downtown,2,3.75,7.5
2025-06-13,June,Cold Brew,Beverage,Uptown,2,4.0,8.0
2025-06-13,June,Bagel,Bakery,Uptown,2,2.95,5.9
2025-06-13,June,Espresso,Beverage,Uptown,1,3.25,3.25
2025-06-13,June,Cold Brew,Beverage,Suburban,3,4.0,12.0
2025-06-13,June,Espresso,Beverage,Uptown,2,3.25,6.5
2025-06-13,June,Espresso,Beverage,Uptown,2,3.25,6.5
2025-06-13,June,Espresso,Beverage,Suburban,2,3.25,6.5
2025-06-13,June,Latte,Beverage,Downtown,2,4.5,9.0
2025-06-13,June,Latte,Beverage,Uptown,3,4.5,13.5
2025-06-13,June,Latte,Beverage,Downtown,2,4.5,9.0
2025-06-13,June,Cold Brew,Beverage,Uptown,1,4.0,4.0
2025-06-13,June,Croissant,Bakery,Uptown,2,3.75,7.5
2025-06-13,June,Latte,Beverage,Downtown,1,4.5,4.5
2025-06-13,June,Cold Brew,Beverage,Suburban,2,4.0,8.0
2025-06-13,June,Espresso,Beverage,Suburban,1,3.25,3.25
2025-06-13,June,Bagel,Bakery,Downtown,3,2.95,8.85
2025-06-13,June,Espresso,Beverage,Downtown,1,3.25,3.25
2025-06-13,June,Bagel,Bakery,Suburban,3,2.95,8.85
2025-06-13,June,Muffin,Bakery,Uptown,2,3.25,6.5
2025-06-13,June,Bagel,Bakery,Uptown,3,2.95,8.85
2025-06-13,June,Bagel,Bakery,Uptown,2,2.95,5.9
2025-06-13,June,Bagel,Bakery,Suburban,2,2.95,5.9
2025-06-13,June,Cold Brew,Beverage,Downtown,1,4.0,4.0
2025-06-14,June,Cold Brew,Beverage,Suburban,2,4.0,8.0
2025-06-14,June,Espresso,Beverage,Suburban,1,3.25,3.25
2025-06-14,June,Croissant,Bakery,Downtown,2,3.75,7.5
2025-06-14,June,Croissant,Bakery,Uptown,2,3.75,7.5
2025-06-14,June,Espresso,Beverage,Uptown,2,3.25,6.5
2025-06-14,June,Latte,Beverage,Suburban,1,4.5,4.5
2025-06-14,June,Muffin,Bakery,Suburban,2,3.25,6.5
2025-06-14,June,Muffin,Bakery,Uptown,1,3.25,3.25
2025-06-14,June,Bagel,Bakery,Suburban,1,2.95,2.95
2025-06-14,June,Espresso,Beverage,Uptown,1,3.25,3.25
2025-06-14,June,Croissant,Bakery,Downtown,1,3.75,3.75
2025-06-14,June,Croissant,Bakery,Suburban,1,3.75,3.75
2025-06-14,June,Bagel,Bakery,Uptown,1,2.95,2.95
2025-06-14,June,Latte,Beverage,Suburban,2,4.5,9.0
2025-06-14,June,Latte,Beverage,Downtown,1,4.5,4.5
2025-06-14,June,Bagel,Bakery,Uptown,1,2.95,2.95
2025-06-14,June,Croissant,Bakery,Downtown,1,3.75,3.75
2025-06-14,June,Latte,Beverage,Suburban,3,4.5,13.5
2025-06-14,June,Muffin,Bakery,Uptown,1,3.25,3.25
2025-06-14,June,Croissant,Bakery,Downtown,3,3.75,11.25
2025-06-14,June,Muffin,Bakery,Uptown,1,3.25,3.25
2025-06-14,June,Bagel,Bakery,Downtown,1,2.95,2.95
2025-06-14,June,Muffin,Bakery,Suburban,1,3.25,3.25
2025-06-14,June,Croissant,Bakery,Suburban,2,3.75,7.5
2025-06-15,June,Latte,Beverage,Downtown,1,4.5,4.5
2025-06-15,June,Espresso,Beverage,Uptown,3,3.25,9.75
2025-06-15,June,Muffin,Bakery,Suburban,1,3.25,3.25
2025-06-15,June,Muffin,Bakery,Uptown,3,3.25,9.75
2025-06-15,June,Muffin,Bakery,Uptown,2,3.25,6.5
2025-06-15,June,Croissant,Bakery,Suburban,1,3.75,3.75
2025-06-15,June,Muffin,Bakery,Suburban,3,3.25,9.75
2025-06-15,June,Cold Brew,Beverage,Downtown,3,4.0,12.0
2025-06-15,June,Croissant,Bakery,Downtown,1,3.75,3.75
2025-06-15,June,Croissant,Bakery,Suburban,2,3.75,7.5
2025-06-15,June,Croissant,Bakery,Uptown,2,3.75,7.5
2025-06-15,June,Croissant,Bakery,Downtown,3,3.75,11.25
2025-06-15,June,Croissant,Bakery,Downtown,2,3.75,7.5
2025-06-15,June,Bagel,Bakery,Downtown,2,2.95,5.9
2025-06-15,June,Croissant,Bakery,Suburban,3,3.75,11.25
2025-06-15,June,Espresso,Beverage,Downtown,2,3.25,6.5
2025-06-15,June,Croissant,Bakery,Uptown,2,3.75,7.5
2025-06-15,June,Bagel,Bakery,Uptown,2,2.95,5.9
2025-06-15,June,Espresso,Beverage,Suburban,1,3.25,3.25
2025-06-15,June,Cold Brew,Beverage,Uptown,3,4.0,12.0
2025-06-15,June,Croissant,Bakery,Uptown,2,3.75,7.5
2025-06-15,June,Espresso,Beverage,Uptown,1,3.25,3.25
2025-06-15,June,Croissant,Bakery,Uptown,2,3.75,7.5
2025-06-15,June,Latte,Beverage,Uptown,3,4.5,13.5
2025-06-15,June,Espresso,Beverage,Suburban,2,3.25,6.5
2025-06-15,June,Muffin,Bakery,Suburban,1,3.25,3.25
2025-06-15,June,Croissant,Bakery,Uptown,2,3.75,7.5
2025-06-16,June,Latte,Beverage,Uptown,1,4.5,4.5
2025-06-16,June,Espresso,Beverage,Suburban,3,3.25,9.75
2025-06-16,June,Croissant,Bakery,Downtown,3,3.75,11.25
2025-06-16,June,Croissant,Bakery,Downtown,2,3.75,7.5
2025-06-16,June,Latte,Beverage,Uptown,2,4.5,9.0
2025-06-16,June,Espresso,Beverage,Suburban,2,3.25,6.5
2025-06-16,June,Espresso,Beverage,Uptown,3,3.25,9.75
2025-06-16,June,Cold Brew,Beverage,Uptown,3,4.0,12.0
2025-06-16,June,Muffin,Bakery,Downtown,1,3.25,3.25
2025-06-16,June,Croissant,Bakery,Downtown,1,3.75,3.75
2025-06-16,June,Cold Brew,Beverage,Downtown,3,4.0,12.0
2025-06-16,June,Bagel,Bakery,Downtown,2,2.95,5.9
2025-06-16,June,Espresso,Beverage,Downtown,3,3.25,9.75
2025-06-16,June,Cold Brew,Beverage,Uptown,3,4.0,12.0
2025-06-16,June,Latte,Beverage,Suburban,1,4.5,4.5
2025-06-16,June,Cold Brew,Beverage,Downtown,1,4.0,4.0
2025-06-16,June,Croissant,Bakery,Uptown,1,3.75,3.75
2025-06-16,June,Espresso,Beverage,Uptown,3,3.25,9.75
2025-06-16,June,Muffin,Bakery,Uptown,1,3.25,3.25
2025-06-16,June,Latte,Beverage,Suburban,2,4.5,9.0
2025-06-16,June,Latte,Beverage,Uptown,3,4.5,13.5
2025-06-16,June,Muffin,Bakery,Suburban,1,3.25,3.25
2025-06-16,June,Cold Brew,Beverage,Downtown,1,4.0,4.0
2025-06-16,June,Bagel,Bakery,Downtown,3,2.95,8.85
2025-06-16,June,Cold Brew,Beverage,Uptown,3,4.0,12.0
2025-06-16,June,Latte,Beverage,Uptown,2,4.5,9.0
2025-06-16,June,Latte,Beverage,Downtown,3,4.5,13.5
2025-06-16,June,Muffin,Bakery,Suburban,3,3.25,9.75
2025-06-17,June,Espresso,Beverage,Suburban,1,3.25,3.25
2025-06-17,June,Muffin,Bakery,Uptown,3,3.25,9.75
2025-06-17,June,Croissant,Bakery,Downtown,1,3.75,3.75
2025-06-17,June,Croissant,Bakery,Downtown,1,3.75,3.75
2025-06-17,June,Espresso,Beverage,Suburban,1,3.25,3.25
2025-06-17,June,Muffin,Bakery,Downtown,3,3.25,9.75
2025-06-17,June,Croissant,Bakery,Uptown,3,3.75,11.25
2025-06-17,June,Croissant,Bakery,Suburban,3,3.75,11.25
2025-06-17,June,Bagel,Bakery,Uptown,2,2.95,5.9
2025-06-17,June,Bagel,Bakery,Uptown,3,2.95,8.85
2025-06-17,June,Croissant,Bakery,Downtown,2,3.75,7.5
2025-06-17,June,Croissant,Bakery,Suburban,2,3.75,7.5
2025-06-17,June,Croissant,Bakery,Suburban,1,3.75,3.75
2025-06-17,June,Croissant,Bakery,Suburban,1,3.75,3.75
2025-06-17,June,Cold Brew,Beverage,Suburban,2,4.0,8.0
2025-06-17,June,Bagel,Bakery,Uptown,2,2.95,5.9
2025-06-17,June,Bagel,Bakery,Suburban,1,2.95,2.95
2025-06-17,June,Croissant,Bakery,Uptown,3,3.75,11.25
2025-06-17,June,Muffin,Bakery,Suburban,1,3.25,3.25
2025-06-17,June,Espresso,Beverage,Downtown,2,3.25,6.5
2025-06-17,June,Bagel,Bakery,Downtown,3,2.95,8.85
2025-06-17,June,Bagel,Bakery,Uptown,1,2.95,2.95
2025-06-17,June,Espresso,Beverage,Downtown,1,3.25,3.25
2025-06-17,June,Croissant,Bakery,Suburban,2,3.75,7.5
2025-06-17,June,Espresso,Beverage,Downtown,3,3.25,9.75
2025-06-17,June,Latte,Beverage,Downtown,1,4.5,4.5
2025-06-18,June,Bagel,Bakery,Suburban,3,2.95,8.85
2025-06-18,June,Croissant,Bakery,Uptown,1,3.75,3.75
2025-06-18,June,Muffin,Bakery,Downtown,1,3.25,3.25
2025-06-18,June,Bagel,Bakery,Suburban,1,2.95,2.95
2025-06-18,June,Muffin,Bakery,Uptown,2,3.25,6.5
2025-06-18,June,Espresso,Beverage,Suburban,2,3.25,6.5
2025-06-18,June,Bagel,Bakery,Suburban,2,2.95,5.9
2025-06-18,June,Muffin,Bakery,Uptown,1,3.25,3.25
2025-06-18,June,Croissant,Bakery,Suburban,2,3.75,7.5
2025-06-18,June,Bagel,Bakery,Downtown,2,2.95,5.9
2025-06-18,June,Bagel,Bakery,Suburban,3,2.95,8.85
2025-06-18,June,Croissant,Bakery,Uptown,1,3.75,3.75
2025-06-18,June,Latte,Beverage,Suburban,2,4.5,9.0
2025-06-18,June,Latte,Beverage,Downtown,3,4.5,13.5
2025-06-18,June,Espresso,Beverage,Downtown,3,3.25,9.75
2025-06-18,June,Muffin,Bakery,Downtown,3,3.25,9.75
2025-06-18,June,Espresso,Beverage,Downtown,1,3.25,3.25
2025-06-18,June,Muffin,Bakery,Suburban,3,3.25,9.75
2025-06-18,June,Muffin,Bakery,Suburban,3,3.25,9.75
2025-06-18,June,Muffin,Bakery,Suburban,2,3.25,6.5
2025-06-18,June,Latte,Beverage,Suburban,2,4.5,9.0
2025-06-18,June,Latte,Beverage,Downtown,1,4.5,4.5
2025-06-18,June,Latte,Beverage,Suburban,2,4.5,9.0
2025-06-19,June,Muffin,Bakery,Suburban,3,3.25,9.75
2025-06-19,June,Muffin,Bakery,Uptown,1,3.25,3.25
2025-06-19,June,Bagel,Bakery,Uptown,3,2.95,8.85
2025-06-19,June,Bagel,Bakery,Downtown,3,2.95,8.85
2025-06-19,June,Bagel,Bakery,Uptown,1,2.95,2.95
2025-06-19,June,Latte,Beverage,Downtown,3,4.5,13.5
2025-06-19,June,Croissant,Bakery,Suburban,3,3.75,11.25
2025-06-19,June,Latte,Beverage,Uptown,3,4.5,13.5
2025-06-19,June,Muffin,Bakery,Downtown,2,3.25,6.5
2025-06-19,June,Espresso,Beverage,Suburban,1,3.25,3.25
2025-06-19,June,Bagel,Bakery,Suburban,2,2.95,5.9
2025-06-19,June,Espresso,Beverage,Downtown,3,3.25,9.75
2025-06-19,June,Espresso,Beverage,Uptown,3,3.25,9.75
2025-06-19,June,Latte,Beverage,Downtown,3,4.5,13.5
2025-06-19,June,Muffin,Bakery,Downtown,1,3.25,3.25
2025-06-19,June,Latte,Beverage,Downtown,2,4.5,9.0
2025-06-19,June,Espresso,Beverage,Uptown,3,3.25,9.75
2025-06-20,June,Latte,Beverage,Downtown,1,4.5,4.5
2025-06-20,June,Muffin,Bakery,Downtown,1,3.25,3.25
2025-06-20,June,Bagel,Bakery,Suburban,2,2.95,5.9
2025-06-20,June,Cold Brew,Beverage,Suburban,3,4.0,12.0
2025-06-20,June,Cold Brew,Beverage,Uptown,3,4.0,12.0
2025-06-20,June,Bagel,Bakery,Suburban,2,2.95,5.9
2025-06-20,June,Croissant,Bakery,Uptown,2,3.75,7.5
2025-06-20,June,Muffin,Bakery,Suburban,3,3.25,9.75
2025-06-20,June,Muffin,Bakery,Suburban,1,3.25,3.25
2025-06-20,June,Bagel,Bakery,Suburban,1,2.95,2.95
2025-06-20,June,Croissant,Bakery,Downtown,1,3.75,3.75
2025-06-20,June,Cold Brew,Beverage,Suburban,1,4.0,4.0
2025-06-20,June,Muffin,Bakery,Uptown,3,3.25,9.75
2025-06-20,June,Cold Brew,Beverage,Suburban,3,4.0,12.0
2025-06-20,June,Espresso,Beverage,Suburban,2,3.25,6.5
2025-06-20,June,Bagel,Bakery,Downtown,3,2.95,8.85
2025-06-20,June,Cold Brew,Beverage,Suburban,1,4.0,4.0
2025-06-20,June,Croissant,Bakery,Downtown,1,3.75,3.75
2025-06-20,June,Muffin,Bakery,Suburban,3,3.25,9.75
2025-06-20,June,Bagel,Bakery,Suburban,3,2.95,8.85
2025-06-20,June,Muffin,Bakery,Uptown,3,3.25,9.75
2025-06-21,June,Muffin,Bakery,Suburban,1,3.25,3.25
2025-06-21,June,Cold Brew,Beverage,Downtown,1,4.0,4.0
2025-06-21,June,Espresso,Beverage,Suburban,3,3.25,9.75
2025-06-21,June,Espresso,Beverage,Uptown,2,3.25,6.5
2025-06-21,June,Croissant,Bakery,Suburban,2,3.75,7.5
2025-06-21,June,Croissant,Bakery,Uptown,2,3.75,7.5
2025-06-21,June,Cold Brew,Beverage,Uptown,3,4.0,12.0
2025-06-21,June,Muffin,Bakery,Suburban,2,3.25,6.5
2025-06-21,June,Muffin,Bakery,Uptown,3,3.25,9.75
2025-06-21,June,Croissant,Bakery,Uptown,2,3.75,7.5
2025-06-21,June,Muffin,Bakery,Suburban,3,3.25,9.75
2025-06-21,June,Muffin,Bakery,Uptown,3,3.25,9.75
2025-06-21,June,Espresso,Beverage,Suburban,2,3.25,6.5
2025-06-21,June,Muffin,Bakery,Suburban,2,3.25,6.5
2025-06-21,June,Espresso,Beverage,Suburban,2,3.25,6.5
2025-06-21,June,Croissant,Bakery,Uptown,3,3.75,11.25
2025-06-21,June,Croissant,Bakery,Suburban,2,3.75,7.5
2025-06-21,June,Latte,Beverage,Uptown,1,4.5,4.5
2025-06-21,June,Latte,Beverage,Uptown,2,4.5,9.0
2025-06-21,June,Latte,Beverage,Uptown,2,4.5,9.0
2025-06-21,June,Muffin,Bakery,Suburban,1,3.25,3.25
2025-06-21,June,Cold Brew,Beverage,Downtown,3,4.0,12.0
2025-06-21,June,Latte,Beverage,Uptown,2,4.5,9.0
2025-06-21,June,Cold Brew,Beverage,Uptown,1,4.0,4.0
2025-06-21,June,Muffin,Bakery,Downtown,3,3.25,9.75
2025-06-21,June,Cold Brew,Beverage,Uptown,2,4.0,8.0
2025-06-22,June,Cold Brew,Beverage,Suburban,3,4.0,12.0
2025-06-22,June,Latte,Beverage,Downtown,3,4.5,13.5
2025-06-22,June,Cold Brew,Beverage,Uptown,2,4.0,8.0
2025-06-22,June,Croissant,Bakery,Downtown,1,3.75,3.75
2025-06-22,June,Bagel,Bakery,Suburban,3,2.95,8.85
2025-06-22,June,Croissant,Bakery,Uptown,3,3.75,11.25
2025-06-22,June,Espresso,Beverage,Downtown,1,3.25,3.25
2025-06-22,June,Cold Brew,Beverage,Downtown,3,4.0,12.0
2025-06-22,June,Croissant,Bakery,Uptown,1,3.75,3.75
2025-06-22,June,Croissant,Bakery,Uptown,1,3.75,3.75
2025-06-22,June,Espresso,Beverage,Suburban,3,3.25,9.75
2025-06-22,June,Bagel,Bakery,Downtown,3,2.95,8.85
2025-06-22,June,Muffin,Bakery,Suburban,1,3.25,3.25
2025-06-22,June,Muffin,Bakery,Suburban,3,3.25,9.75
2025-06-22,June,Bagel,Bakery,Downtown,3,2.95,8.85
2025-06-22,June,Espresso,Beverage,Downtown,3,3.25,9.75
2025-06-22,June,Cold Brew,Beverage,Uptown,1,4.0,4.0
2025-06-22,June,Muffin,Bakery,Uptown,3,3.25,9.75
2025-06-22,June,Croissant,Bakery,Uptown,2,3.75,7.5
2025-06-22,June,Croissant,Bakery,Downtown,3,3.75,11.25
2025-06-22,June,Cold Brew,Beverage,Uptown,2,4.0,8.0
2025-06-22,June,Espresso,Beverage,Uptown,1,3.25,3.25
2025-06-22,June,Muffin,Bakery,Suburban,3,3.25,9.75
2025-06-22,June,Muffin,Bakery,Downtown,2,3.25,6.5
2025-06-22,June,Cold Brew,Beverage,Uptown,3,4.0,12.0
2025-06-22,June,Muffin,Bakery,Downtown,1,3.25,3.25
2025-06-23,June,Latte,Beverage,Uptown,2,4.5,9.0
2025-06-23,June,Croissant,Bakery,Uptown,1,3.75,3.75
2025-06-23,June,Espresso,Beverage,Downtown,2,3.25,6.5
2025-06-23,June,Espresso,Beverage,Downtown,1,3.25,3.25
2025-06-23,June,Cold Brew,Beverage,Uptown,2,4.0,8.0
2025-06-23,June,Cold Brew,Beverage,Downtown,1,4.0,4.0
2025-06-23,June,Muffin,Bakery,Downtown,3,3.25,9.75
2025-06-23,June,Latte,Beverage,Downtown,1,4.5,4.5
2025-06-23,June,Latte,Beverage,Suburban,2,4.5,9.0
2025-06-23,June,Muffin,Bakery,Uptown,3,3.25,9.75
2025-06-23,June,Cold Brew,Beverage,Downtown,2,4.0,8.0
2025-06-23,June,Cold Brew,Beverage,Uptown,1,4.0,4.0
2025-06-23,June,Espresso,Beverage,Suburban,3,3.25,9.75
2025-06-23,June,Bagel,Bakery,Downtown,1,2.95,2.95
2025-06-23,June,Bagel,Bakery,Uptown,3,2.95,8.85
2025-06-23,June,Latte,Beverage,Uptown,2,4.5,9.0
2025-06-23,June,Bagel,Bakery,Downtown,2,2.95,5.9
2025-06-23,June,Muffin,Bakery,Downtown,3,3.25,9.75
2025-06-24,June,Espresso,Beverage,Uptown,3,3.25,9.75
2025-06-24,June,Croissant,Bakery,Downtown,3,3.75,11.25
2025-06-24,June,Latte,Beverage,Uptown,3,4.5,13.5
2025-06-24,June,Espresso,Beverage,Downtown,3,3.25,9.75
2025-06-24,June,Muffin,Bakery,Suburban,3,3.25,9.75
2025-06-24,June,Cold Brew,Beverage,Suburban,1,4.0,4.0
2025-06-24,June,Croissant,Bakery,Downtown,2,3.75,7.5
2025-06-24,June,Croissant,Bakery,Downtown,2,3.75,7.5
2025-06-24,June,Muffin,Bakery,Suburban,1,3.25,3.25
2025-06-24,June,Bagel,Bakery,Downtown,2,2.95,5.9
2025-06-24,June,Croissant,Bakery,Uptown,2,3.75,7.5
2025-06-24,June,Latte,Beverage,Downtown,2,4.5,9.0
2025-06-24,June,Croissant,Bakery,Uptown,2,3.75,7.5
2025-06-24,June,Muffin,Bakery,Suburban,3,3.25,9.75
2025-06-24,June,Muffin,Bakery,Downtown,3,3.25,9.75
2025-06-24,June,Latte,Beverage,Uptown,2,4.5,9.0
2025-06-25,June,Espresso,Beverage,Suburban,1,3.25,3.25
2025-06-25,June,Muffin,Bakery,Downtown,1,3.25,3.25
2025-06-25,June,Croissant,Bakery,Downtown,2,3.75,7.5
2025-06-25,June,Croissant,Bakery,Suburban,3,3.75,11.25
2025-06-25,June,Muffin,Bakery,Suburban,2,3.25,6.5
2025-06-25,June,Latte,Beverage,Downtown,1,4.5,4.5
2025-06-25,June,Bagel,Bakery,Downtown,2,2.95,5.9
2025-06-25,June,Bagel,Bakery,Uptown,1,2.95,2.95
2025-06-25,June,Latte,Beverage,Downtown,1,4.5,4.5
2025-06-25,June,Latte,Beverage,Downtown,2,4.5,9.0
2025-06-25,June,Latte,Beverage,Uptown,2,4.5,9.0
2025-06-25,June,Croissant,Bakery,Suburban,2,3.75,7.5
2025-06-25,June,Bagel,Bakery,Suburban,1,2.95,2.95
2025-06-25,June,Croissant,Bakery,Suburban,2,3.75,7.5
2025-06-25,June,Espresso,Beverage,Suburban,2,3.25,6.5
2025-06-25,June,Bagel,Bakery,Uptown,1,2.95,2.95
2025-06-25,June,Latte,Beverage,Downtown,1,4.5,4.5
2025-06-25,June,Croissant,Bakery,Uptown,3,3.75,11.25
2025-06-25,June,Cold Brew,Beverage,Uptown,3,4.0,12.0
2025-06-25,June,Bagel,Bakery,Downtown,2,2.95,5.9
2025-06-25,June,Cold Brew,Beverage,Uptown,2,4.0,8.0
2025-06-25,June,Muffin,Bakery,Uptown,1,3.25,3.25
2025-06-25,June,Cold Brew,Beverage,Uptown,1,4.0,4.0
2025-06-25,June,Muffin,Bakery,Downtown,2,3.25,6.5
2025-06-25,June,Espresso,Beverage,Suburban,2,3.25,6.5
2025-06-26,June,Latte,Beverage,Downtown,3,4.5,13.5
2025-06-26,June,Espresso,Beverage,Suburban,1,3.25,3.25
2025-06-26,June,Cold Brew,Beverage,Downtown,1,4.0,4.0
2025-06-26,June,Bagel,Bakery,Downtown,3,2.95,8.85
2025-06-26,June,Latte,Beverage,Suburban,1,4.5,4.5
2025-06-26,June,Espresso,Beverage,Uptown,1,3.25,3.25
2025-06-26,June,Croissant,Bakery,Suburban,2,3.75,7.5
2025-06-26,June,Latte,Beverage,Uptown,2,4.5,9.0
2025-06-26,June,Espresso,Beverage,Uptown,3,3.25,9.75
2025-06-26,June,Cold Brew,Beverage,Downtown,3,4.0,12.0
2025-06-26,June,Bagel,Bakery,Downtown,3,2.95,8.85
2025-06-26,June,Muffin,Bakery,Uptown,3,3.25,9.75
2025-06-26,June,Cold Brew,Beverage,Downtown,3,4.0,12.0
2025-06-26,June,Espresso,Beverage,Suburban,2,3.25,6.5
2025-06-26,June,Croissant,Bakery,Uptown,1,3.75,3.75
2025-06-26,June,Latte,Beverage,Uptown,3,4.5,13.5
2025-06-26,June,Cold Brew,Beverage,Suburban,2,4.0,8.0
2025-06-26,June,Muffin,Bakery,Uptown,2,3.25,6.5
2025-06-26,June,Espresso,Beverage,Uptown,2,3.25,6.5
2025-06-27,June,Bagel,Bakery,Uptown,3,2.95,8.85
2025-06-27,June,Croissant,Bakery,Uptown,1,3.75,3.75
2025-06-27,June,Muffin,Bakery,Suburban,3,3.25,9.75
2025-06-27,June,Cold Brew,Beverage,Suburban,3,4.0,12.0
2025-06-27,June,Croissant,Bakery,Uptown,1,3.75,3.75
2025-06-27,June,Muffin,Bakery,Suburban,2,3.25,6.5
2025-06-27,June,Muffin,Bakery,Suburban,1,3.25,3.25
2025-06-27,June,Cold Brew,Beverage,Uptown,3,4.0,12.0
2025-06-27,June,Cold Brew,Beverage,Downtown,1,4.0,4.0
2025-06-27,June,Croissant,Bakery,Uptown,2,3.75,7.5
2025-06-27,June,Espresso,Beverage,Downtown,2,3.25,6.5
2025-06-27,June,Espresso,Beverage,Uptown,2,3.25,6.5
2025-06-27,June,Croissant,Bakery,Suburban,3,3.75,11.25
2025-06-27,June,Cold Brew,Beverage,Downtown,3,4.0,12.0
2025-06-27,June,Bagel,Bakery,Suburban,2,2.95,5.9
2025-06-27,June,Bagel,Bakery,Suburban,3,2.95,8.85
2025-06-27,June,Espresso,Beverage,Uptown,1,3.25,3.25
2025-06-27,June,Croissant,Bakery,Suburban,1,3.75,3.75
2025-06-27,June,Espresso,Beverage,Downtown,3,3.25,9.75
2025-06-27,June,Cold Brew,Beverage,Uptown,3,4.0,12.0
2025-06-27,June,Muffin,Bakery,Suburban,3,3.25,9.75
2025-06-27,June,Cold Brew,Beverage,Uptown,3,4.0,12.0
2025-06-27,June,Bagel,Bakery,Downtown,3,2.95,8.85
2025-06-28,June,Bagel,Bakery,Suburban,1,2.95,2.95
2025-06-28,June,Espresso,Beverage,Suburban,3,3.25,9.75
2025-06-28,June,Espresso,Beverage,Downtown,3,3.25,9.75
2025-06-28,June,Croissant,Bakery,Downtown,3,3.75,11.25
2025-06-28,June,Latte,Beverage,Uptown,2,4.5,9.0
2025-06-28,June,Espresso,Beverage,Downtown,2,3.25,6.5
2025-06-28,June,Espresso,Beverage,Downtown,1,3.25,3.25
2025-06-28,June,Bagel,Bakery,Uptown,3,2.95,8.85
2025-06-28,June,Bagel,Bakery,Suburban,2,2.95,5.9
2025-06-28,June,Latte,Beverage,Suburban,1,4.5,4.5
2025-06-28,June,Latte,Beverage,Uptown,3,4.5,13.5
2025-06-28,June,Cold Brew,Beverage,Suburban,2,4.0,8.0
2025-06-28,June,Espresso,Beverage,Suburban,3,3.25,9.75
2025-06-28,June,Muffin,Bakery,Suburban,3,3.25,9.75
2025-06-28,June,Croissant,Bakery,Uptown,2,3.75,7.5
2025-06-28,June,Muffin,Bakery,Uptown,2,3.25,6.5
2025-06-28,June,Espresso,Beverage,Downtown,1,3.25,3.25
2025-06-28,June,Cold Brew,Beverage,Suburban,2,4.0,8.0
2025-06-28,June,Cold Brew,Beverage,Uptown,1,4.0,4.0
2025-06-28,June,Espresso,Beverage,Suburban,3,3.25,9.75
2025-06-28,June,Latte,Beverage,Downtown,1,4.5,4.5
2025-06-28,June,Cold Brew,Beverage,Suburban,1,4.0,4.0
2025-06-28,June,Espresso,Beverage,Uptown,2,3.25,6.5
2025-06-28,June,Latte,Beverage,Downtown,3,4.5,13.5
2025-06-29,June,Muffin,Bakery,Suburban,2,3.25,6.5
2025-06-29,June,Cold Brew,Beverage,Downtown,1,4.0,4.0
2025-06-29,June,Bagel,Bakery,Suburban,2,2.95,5.9
2025-06-29,June,Latte,Beverage,Suburban,3,4.5,13.5
2025-06-29,June,Latte,Beverage,Suburban,2,4.5,9.0
2025-06-29,June,Latte,Beverage,Downtown,1,4.5,4.5
2025-06-29,June,Croissant,Bakery,Uptown,1,3.75,3.75
2025-06-29,June,Bagel,Bakery,Downtown,1,2.95,2.95
2025-06-29,June,Cold Brew,Beverage,Downtown,1,4.0,4.0
2025-06-29,June,Latte,Beverage,Suburban,1,4.5,4.5
2025-06-29,June,Espresso,Beverage,Suburban,2,3.25,6.5
2025-06-29,June,Croissant,Bakery,Uptown,2,3.75,7.5
2025-06-29,June,Bagel,Bakery,Downtown,1,2.95,2.95
2025-06-29,June,Bagel,Bakery,Downtown,1,2.95,2.95
2025-06-29,June,Latte,Beverage,Downtown,1,4.5,4.5
2025-06-29,June,Croissant,Bakery,Downtown,2,3.75,7.5
2025-06-29,June,Bagel,Bakery,Suburban,1,2.95,2.95
2025-06-29,June,Muffin,Bakery,Uptown,2,3.25,6.5
2025-06-29,June,Espresso,Beverage,Suburban,1,3.25,3.25
2025-06-29,June,Cold Brew,Beverage,Suburban,1,4.0,4.0
2025-06-29,June,Muffin,Bakery,Downtown,1,3.25,3.25
2025-06-29,June,Espresso,Beverage,Uptown,1,3.25,3.25
2025-06-29,June,Espresso,Beverage,Downtown,2,3.25,6.5
2025-06-29,June,Bagel,Bakery,Uptown,3,2.95,8.85
2025-06-29,June,Cold Brew,Beverage,Downtown,1,4.0,4.0
2025-06-29,June,Croissant,Bakery,Uptown,1,3.75,3.75
2025-06-29,June,Cold Brew,Beverage,Uptown,1,4.0,4.0
2025-06-29,June,Croissant,Bakery,Downtown,3,3.75,11.25
2025-06-30,June,Bagel,Bakery,Suburban,1,2.95,2.95
2025-06-30,June,Muffin,Bakery,Suburban,2,3.25,6.5
2025-06-30,June,Bagel,Bakery,Suburban,1,2.95,2.95
2025-06-30,June,Espresso,Beverage,Downtown,1,3.25,3.25
2025-06-30,June,Cold Brew,Beverage,Uptown,3,4.0,12.0
2025-06-30,June,Croissant,Bakery,Uptown,1,3.75,3.75
2025-06-30,June,Cold Brew,Beverage,Downtown,2,4.0,8.0
2025-06-30,June,Latte,Beverage,Uptown,3,4.5,13.5
2025-06-30,June,Cold Brew,Beverage,Suburban,1,4.0,4.0
2025-06-30,June,Cold Brew,Beverage,Suburban,2,4.0,8.0
2025-06-30,June,Espresso,Beverage,Suburban,2,3.25,6.5
2025-06-30,June,Cold Brew,Beverage,Downtown,1,4.0,4.0
2025-06-30,June,Espresso,Beverage,Uptown,2,3.25,6.5
2025-06-30,June,Espresso,Beverage,Downtown,3,3.25,9.75
2025-06-30,June,Cold Brew,Beverage,Downtown,3,4.0,12.0
2025-06-30,June,Latte,Beverage,Uptown,1,4.5,4.5
2025-06-30,June,Latte,Beverage,Downtown,3,4.5,13.5
2025-06-30,June,Bagel,Bakery,Downtown,2,2.95,5.9
2025-06-30,June,Espresso,Beverage,Downtown,1,3.25,3.25
2025-06-30,June,Latte,Beverage,Downtown,2,4.5,9.0
2025-06-30,June,Muffin,Bakery,Downtown,1,3.25,3.25
2025-06-30,June,Latte,Beverage,Suburban,1,4.5,4.5
2025-06-30,June,Latte,Beverage,Suburban,1,4.5,4.5
